<?xml version="1.0" encoding="UTF-8"?><rss version="2.0"
	xmlns:content="http://purl.org/rss/1.0/modules/content/"
	xmlns:dc="http://purl.org/dc/elements/1.1/"
	xmlns:atom="http://www.w3.org/2005/Atom"
	xmlns:sy="http://purl.org/rss/1.0/modules/syndication/"
	
	>
<channel>
	<title>
	Các phản hồi luận về: Võ sỹ lấy HCV thế giới của Nguyễn Thị Tâm sẽ dự ASIAD 19, tranh suất đi Olympic Paris 2024	</title>
	<atom:link href="httphttps://github.com/LuongThiXuanMai/blogtintuc.github.io.git/2023/08/23/vo-sy-lay-hcv-the-gioi-cua-nguyen-thi-tam-se-du-asiad-19-tranh-suat-di-olympic-paris-2024/feed/" rel="self" type="application/rss+xml" />
	<link>httphttps://github.com/LuongThiXuanMai/blogtintuc.github.io.git/2023/08/23/vo-sy-lay-hcv-the-gioi-cua-nguyen-thi-tam-se-du-asiad-19-tranh-suat-di-olympic-paris-2024/</link>
	<description>Một trang web mới sử dụng WordPress</description>
	<lastBuildDate>Wed, 23 Aug 2023 03:21:34 +0000</lastBuildDate>
	<sy:updatePeriod>
	hourly	</sy:updatePeriod>
	<sy:updateFrequency>
	1	</sy:updateFrequency>
	<generator>https://wordpress.org/?v=6.3.1</generator>
</channel>
</rss>
