<?xml version="1.0" encoding="UTF-8"?><rss version="2.0"
	xmlns:content="http://purl.org/rss/1.0/modules/content/"
	xmlns:dc="http://purl.org/dc/elements/1.1/"
	xmlns:atom="http://www.w3.org/2005/Atom"
	xmlns:sy="http://purl.org/rss/1.0/modules/syndication/"
	
	>
<channel>
	<title>
	Các phản hồi luận về: Ba điều luật mới về các pha phạm lỗi được áp dụng tại UFC là gì?	</title>
	<atom:link href="httphttps://github.com/LuongThiXuanMai/blogtintuc.github.io.git/2023/08/23/ba-dieu-luat-moi-ve-cac-pha-pham-loi-duoc-ap-dung-tai-ufc-la-gi/feed/" rel="self" type="application/rss+xml" />
	<link>httphttps://github.com/LuongThiXuanMai/blogtintuc.github.io.git/2023/08/23/ba-dieu-luat-moi-ve-cac-pha-pham-loi-duoc-ap-dung-tai-ufc-la-gi/</link>
	<description>Một trang web mới sử dụng WordPress</description>
	<lastBuildDate>Wed, 23 Aug 2023 01:38:20 +0000</lastBuildDate>
	<sy:updatePeriod>
	hourly	</sy:updatePeriod>
	<sy:updateFrequency>
	1	</sy:updateFrequency>
	<generator>https://wordpress.org/?v=6.3.1</generator>
</channel>
</rss>
