<?xml version="1.0" encoding="UTF-8"?><rss version="2.0"
	xmlns:content="http://purl.org/rss/1.0/modules/content/"
	xmlns:dc="http://purl.org/dc/elements/1.1/"
	xmlns:atom="http://www.w3.org/2005/Atom"
	xmlns:sy="http://purl.org/rss/1.0/modules/syndication/"
	
	>
<channel>
	<title>
	Các phản hồi luận về: Floyd Mayweather nghi Naoya Inoue không trong sạch, gợi ý kèo Gervonta Davis	</title>
	<atom:link href="httphttps://github.com/LuongThiXuanMai/blogtintuc.github.io.git/2023/08/23/floyd-mayweather-nghi-naoya-inoue-khong-trong-sach-goi-y-keo-gervonta-davis/feed/" rel="self" type="application/rss+xml" />
	<link>httphttps://github.com/LuongThiXuanMai/blogtintuc.github.io.git/2023/08/23/floyd-mayweather-nghi-naoya-inoue-khong-trong-sach-goi-y-keo-gervonta-davis/</link>
	<description>Một trang web mới sử dụng WordPress</description>
	<lastBuildDate>Wed, 23 Aug 2023 03:25:27 +0000</lastBuildDate>
	<sy:updatePeriod>
	hourly	</sy:updatePeriod>
	<sy:updateFrequency>
	1	</sy:updateFrequency>
	<generator>https://wordpress.org/?v=6.3.1</generator>
	<item>
		<title>
		Bởi: luongthixuanmai		</title>
		<link>httphttps://github.com/LuongThiXuanMai/blogtintuc.github.io.git/2023/08/23/floyd-mayweather-nghi-naoya-inoue-khong-trong-sach-goi-y-keo-gervonta-davis/#comment-2</link>

		<dc:creator><![CDATA[luongthixuanmai]]></dc:creator>
		<pubDate>Wed, 23 Aug 2023 03:25:27 +0000</pubDate>
		<guid isPermaLink="false">httphttps://github.com/LuongThiXuanMai/blogtintuc.github.io.git/?p=177#comment-2</guid>

					<description><![CDATA[grbg]]></description>
			<content:encoded><![CDATA[<p>grbg</p>
]]></content:encoded>
		
			</item>
	</channel>
</rss>
