<?xml version="1.0" encoding="UTF-8"?><rss version="2.0"
	xmlns:content="http://purl.org/rss/1.0/modules/content/"
	xmlns:dc="http://purl.org/dc/elements/1.1/"
	xmlns:atom="http://www.w3.org/2005/Atom"
	xmlns:sy="http://purl.org/rss/1.0/modules/syndication/"
	
	>
<channel>
	<title>
	Các phản hồi luận về: TH TRUE YOGURT LẦN ĐẦU TIÊN ĐỒNG HÀNH CÙNG ĐẤU TRƯỜNG DANH VỌNG MÙA ĐÔNG 2023s	</title>
	<atom:link href="httphttps://github.com/LuongThiXuanMai/blogtintuc.github.io.git/2023/08/22/th-true-yogurt-lan-dau-tien-dong-hanh-cung-dau-truong-danh-vong-mua-dong-2023s/feed/" rel="self" type="application/rss+xml" />
	<link>httphttps://github.com/LuongThiXuanMai/blogtintuc.github.io.git/2023/08/22/th-true-yogurt-lan-dau-tien-dong-hanh-cung-dau-truong-danh-vong-mua-dong-2023s/</link>
	<description>Một trang web mới sử dụng WordPress</description>
	<lastBuildDate>Tue, 22 Aug 2023 16:16:53 +0000</lastBuildDate>
	<sy:updatePeriod>
	hourly	</sy:updatePeriod>
	<sy:updateFrequency>
	1	</sy:updateFrequency>
	<generator>https://wordpress.org/?v=6.3.1</generator>
</channel>
</rss>
