<?xml version="1.0" encoding="UTF-8"?><rss version="2.0"
	xmlns:content="http://purl.org/rss/1.0/modules/content/"
	xmlns:dc="http://purl.org/dc/elements/1.1/"
	xmlns:atom="http://www.w3.org/2005/Atom"
	xmlns:sy="http://purl.org/rss/1.0/modules/syndication/"
	
	>
<channel>
	<title>
	Các phản hồi luận về: CÔNG BỐ ĐỘI HÌNH CHÍNH THỨC 08 ĐỘI TUYỂN THAM DỰ ĐẤU TRƯỜNG DANH VỌNG MÙA ĐÔNG 2023 CÙNG LỊCH THI ĐẤU VÒNG BẢNG LƯỢT ĐI, SAIGON PHANTOM VÀ V GAMING RA QUÂN NGÀY KHAI MẠC 24/08	</title>
	<atom:link href="httphttps://github.com/LuongThiXuanMai/blogtintuc.github.io.git/2023/08/22/cong-bo-doi-hinh-chinh-thuc-08-doi-tuyen-tham-du-dau-truong-danh-vong-mua-dong-2023-cung-lich-thi-dau-vong-bang-luot-di-saigon-phantom-va-v-gaming-ra-quan-ngay-khai-mac-24-08/feed/" rel="self" type="application/rss+xml" />
	<link>httphttps://github.com/LuongThiXuanMai/blogtintuc.github.io.git/2023/08/22/cong-bo-doi-hinh-chinh-thuc-08-doi-tuyen-tham-du-dau-truong-danh-vong-mua-dong-2023-cung-lich-thi-dau-vong-bang-luot-di-saigon-phantom-va-v-gaming-ra-quan-ngay-khai-mac-24-08/</link>
	<description>Một trang web mới sử dụng WordPress</description>
	<lastBuildDate>Tue, 22 Aug 2023 16:14:22 +0000</lastBuildDate>
	<sy:updatePeriod>
	hourly	</sy:updatePeriod>
	<sy:updateFrequency>
	1	</sy:updateFrequency>
	<generator>https://wordpress.org/?v=6.3.1</generator>
</channel>
</rss>
