<?xml version="1.0" encoding="UTF-8"?><rss version="2.0"
	xmlns:content="http://purl.org/rss/1.0/modules/content/"
	xmlns:dc="http://purl.org/dc/elements/1.1/"
	xmlns:atom="http://www.w3.org/2005/Atom"
	xmlns:sy="http://purl.org/rss/1.0/modules/syndication/"
	
	>
<channel>
	<title>
	Các phản hồi luận về: UFC MMA Boxing Khác ONE Championship Thư viện Aljamain Sterling sẽ chuyển hạng sau UFC 292, &#8220;nhường ngôi&#8221; cho đồng đội?	</title>
	<atom:link href="httphttps://github.com/LuongThiXuanMai/blogtintuc.github.io.git/2023/08/22/ufc-mma-boxing-khac-one-championship-thu-vien-aljamain-sterling-se-chuyen-hang-sau-ufc-292-nhuong-ngoi-cho-dong-doi/feed/" rel="self" type="application/rss+xml" />
	<link>httphttps://github.com/LuongThiXuanMai/blogtintuc.github.io.git/2023/08/22/ufc-mma-boxing-khac-one-championship-thu-vien-aljamain-sterling-se-chuyen-hang-sau-ufc-292-nhuong-ngoi-cho-dong-doi/</link>
	<description>Một trang web mới sử dụng WordPress</description>
	<lastBuildDate>Tue, 22 Aug 2023 16:11:14 +0000</lastBuildDate>
	<sy:updatePeriod>
	hourly	</sy:updatePeriod>
	<sy:updateFrequency>
	1	</sy:updateFrequency>
	<generator>https://wordpress.org/?v=6.3.1</generator>
</channel>
</rss>
