<?xml version="1.0" encoding="UTF-8"?><rss version="2.0"
	xmlns:content="http://purl.org/rss/1.0/modules/content/"
	xmlns:dc="http://purl.org/dc/elements/1.1/"
	xmlns:atom="http://www.w3.org/2005/Atom"
	xmlns:sy="http://purl.org/rss/1.0/modules/syndication/"
	
	>
<channel>
	<title>
	Các phản hồi luận về: Những cầu thủ kiếm pen nhiều nhất lịch sử Ngoại hạng Anh: Sao Chelsea vô đối	</title>
	<atom:link href="httphttps://github.com/LuongThiXuanMai/blogtintuc.github.io.git/2023/08/22/nhung-cau-thu-kiem-pen-nhieu-nhat-lich-su-ngoai-hang-anh-sao-chelsea-vo-doi/feed/" rel="self" type="application/rss+xml" />
	<link>httphttps://github.com/LuongThiXuanMai/blogtintuc.github.io.git/2023/08/22/nhung-cau-thu-kiem-pen-nhieu-nhat-lich-su-ngoai-hang-anh-sao-chelsea-vo-doi/</link>
	<description>Một trang web mới sử dụng WordPress</description>
	<lastBuildDate>Tue, 22 Aug 2023 15:09:04 +0000</lastBuildDate>
	<sy:updatePeriod>
	hourly	</sy:updatePeriod>
	<sy:updateFrequency>
	1	</sy:updateFrequency>
	<generator>https://wordpress.org/?v=6.3.1</generator>
</channel>
</rss>
