<?xml version="1.0" encoding="UTF-8"?><rss version="2.0"
	xmlns:content="http://purl.org/rss/1.0/modules/content/"
	xmlns:wfw="http://wellformedweb.org/CommentAPI/"
	xmlns:dc="http://purl.org/dc/elements/1.1/"
	xmlns:atom="http://www.w3.org/2005/Atom"
	xmlns:sy="http://purl.org/rss/1.0/modules/syndication/"
	xmlns:slash="http://purl.org/rss/1.0/modules/slash/"
	>

<channel>
	<title>Esport &#8211; Luong Mai blog</title>
	<atom:link href="httphttps://github.com/LuongThiXuanMai/blogtintuc.github.io.git/category/esport/feed/" rel="self" type="application/rss+xml" />
	<link>httphttps://github.com/LuongThiXuanMai/blogtintuc.github.io.git</link>
	<description>Một trang web mới sử dụng WordPress</description>
	<lastBuildDate>Tue, 22 Aug 2023 16:16:53 +0000</lastBuildDate>
	<language>vi</language>
	<sy:updatePeriod>
	hourly	</sy:updatePeriod>
	<sy:updateFrequency>
	1	</sy:updateFrequency>
	<generator>https://wordpress.org/?v=6.3.1</generator>
	<item>
		<title>TH TRUE YOGURT LẦN ĐẦU TIÊN ĐỒNG HÀNH CÙNG ĐẤU TRƯỜNG DANH VỌNG MÙA ĐÔNG 2023s</title>
		<link>httphttps://github.com/LuongThiXuanMai/blogtintuc.github.io.git/2023/08/22/th-true-yogurt-lan-dau-tien-dong-hanh-cung-dau-truong-danh-vong-mua-dong-2023s/</link>
					<comments>httphttps://github.com/LuongThiXuanMai/blogtintuc.github.io.git/2023/08/22/th-true-yogurt-lan-dau-tien-dong-hanh-cung-dau-truong-danh-vong-mua-dong-2023s/#respond</comments>
		
		<dc:creator><![CDATA[luongthixuanmai]]></dc:creator>
		<pubDate>Tue, 22 Aug 2023 16:16:53 +0000</pubDate>
				<category><![CDATA[Esport]]></category>
		<guid isPermaLink="false">httphttps://github.com/LuongThiXuanMai/blogtintuc.github.io.git/?p=146</guid>

					<description><![CDATA[Tiếp nối sự đồng hành và quan tâm của tập đoàn TH, Đấu Trường Danh Vọng Mùa Đông 2023 &#8211; mùa giải lớn nhất trong <a class="mh-excerpt-more" href="httphttps://github.com/LuongThiXuanMai/blogtintuc.github.io.git/2023/08/22/th-true-yogurt-lan-dau-tien-dong-hanh-cung-dau-truong-danh-vong-mua-dong-2023s/" title="TH TRUE YOGURT LẦN ĐẦU TIÊN ĐỒNG HÀNH CÙNG ĐẤU TRƯỜNG DANH VỌNG MÙA ĐÔNG 2023s">[...]</a>]]></description>
										<content:encoded><![CDATA[<p dir="ltr">Tiếp nối sự đồng hành và quan tâm của tập đoàn TH, Đấu Trường Danh Vọng Mùa Đông 2023 &#8211; mùa giải lớn nhất trong năm 2023 thuộc hệ thống giải đấu chuyên nghiệp cấp cao nhất của Liên Quân Mobile tại Việt Nam hân hạnh nhận được sự tài trợ của thương hiệu Sữa chua uống tiệt trùng TH true YOGURT &#8211; Ngon tự nhiên, tràn năng lượng..</p>
<p dir="ltr">Trong bối cảnh Thể thao điện tử Việt Nam đang ngày càng khẳng định được tầm vóc và vị thế, Đấu Trường Danh Vọng Mùa Đông 2023 đã chính thức quay trở lại với tổng giải thưởng lên tới hơn 6.000.000.000 VNĐ &#8211; mức tiền thưởng cao kỷ lục của hệ thống giải đấu chuyên nghiệp Đấu Trường Danh Vọng. Có thể thấy Esports nói chung và bộ môn Liên Quân Mobile nói riêng đang được đầu tư, quan tâm một cách đặc biệt, và việc hợp tác cùng Đấu Trường Danh Vọng Mùa Đông 2023 chính là mục tiêu mà thương hiệu TH true YOGURT muốn hướng tới để trở nên gần gũi với thế hệ trẻ cũng như người yêu thích Thể thao điện tử.</p>
<p dir="ltr"><img decoding="async" src="https://lienquan.garena.vn/files/upload/images/SeaTalk_IMG_1692244926.png" alt="" /></p>
<p dir="ltr">Với sứ mệnh “Vì tầm vóc Việt”, năm 2013, Tập đoàn TH đã sớm cho ra mắt thương hiệu Sữa chua uống tiệt trùng TH true YOGURT được lên men hoàn toàn từ sữa tươi sạch kết hợp với nhiều hương vị trái cây tự nhiên thơm ngon và tốt cho sức khỏe&#8230;</p>
<p dir="ltr">Không chỉ nổi bật với nguồn sữa tươi sạch từ Trang trại bò sữa tập trung ứng dụng công nghệ cao lớn nhất thế giới (do Tổ chức World Records Union chứng nhận ngày 12/12/2020), sữa chua uống tiệt trùng TH true YOGURT còn được đánh giá cao bởi quy trình sản xuất hiện đại giúp lưu giữ tối đa các chất dinh dưỡng và hương vị tự nhiên của các nguyên liệu. Bên cạnh đó, sản phẩm còn kết hợp với nhiều hương vị trái cây tự nhiên như: việt quất, dâu, cam,&#8230; nhằm đáp ứng đa dạng khẩu vị của người tiêu dùng.</p>
<p dir="ltr">Với slogan đồng hành &#8220;Tiếp năng lượng &#8211; Lập chiến công!&#8221;, TH true YOGURT mong muốn truyền tải thông điệp về năng lượng và sự tự tin để cộng đồng game thủ luôn sẵn sàng chinh phục mọi thử thách. TH true YOGURT mang đến nguồn năng lượng lành mạnh cho cơ thể. Với hàm lượng protein, carbohydrate và chất béo, cung cấp nguồn năng lượng cho các game thủ tự tin lập chiến công đỉnh. Sữa chua uống tiệt trùng TH true YOGURT được sản xuất từ sữa tươi sạch nguyên chất trải qua quá trình lên men tự nhiên với hai chủng men chọn lọc mang đến nguồn dinh dưỡng cần thiết cho cơ thể và tốt cho tiêu hóa.</p>
<p dir="ltr"><img decoding="async" src="https://lienquan.garena.vn/files/upload/images/SeaTalk_IMG_1692176540.jpg" alt="" /></p>
<p dir="ltr">Sự đồng hành của TH true YOGURT với Đấu Trường Danh Vọng Mùa Đông 2023 hứa hẹn sẽ tiếp thêm năng lượng mạnh mẽ cho các tuyển thủ thi đấu hết mình, lập chiến công vẻ vang và bước tới đỉnh vinh quang.</p>
<p dir="ltr">Đấu Trường Danh Vọng Mùa Đông 2023 sẽ chính thức khởi tranh từ ngày 24/08/2023. Tiếp nối thông điệp “Thể thao cho thế hệ mới”, giải đấu lần này hứa hẹn sẽ ngày càng khẳng định vị thế dẫn đầu của bộ môn Liên Quân Mobile cùng khát vọng đổi mới và tạo bước đột phá cho Thể thao điện tử nước nhà. Với sự đồng hành của nhà tài trợ TH true YOGURT, Đấu Trường Danh Vọng Mùa Đông 2023 khẳng định sẽ mang lại một mùa giải thật bùng nổ, sôi động và hấp dẫn.</p>
<p dir="ltr">Cùng TH true YOGURT đón xem Đấu Trường Danh Vọng Mùa Đông 2023: Tiếp năng lượng &#8211; Lập chiến công!</p>
<p dir="ltr">Mọi thông tin mới nhất về Đấu Trường Danh Vọng mùa Đông 2023 sẽ được đăng tải và cập nhật tại:</p>
<p dir="ltr">Trang chủ: <a href="https://lienquan.garena.vn/">https://lienquan.garena.vn/</a></p>
<p dir="ltr">Fanpage Cao Thủ Liên Quân: <a href="https://www.facebook.com/caothuLQM/">https://www.facebook.com/caothuLQM/</a></p>
<p dir="ltr">Fanpage TH True JUICE milk: <a href="https://www.facebook.com/thtruejuice">https://www.facebook.com/thtruejuice</a></p>
]]></content:encoded>
					
					<wfw:commentRss>httphttps://github.com/LuongThiXuanMai/blogtintuc.github.io.git/2023/08/22/th-true-yogurt-lan-dau-tien-dong-hanh-cung-dau-truong-danh-vong-mua-dong-2023s/feed/</wfw:commentRss>
			<slash:comments>0</slash:comments>
		
		
			</item>
		<item>
		<title>MỞ BÁN CHÍNH THỨC VALHEIN ĐỆ NHẤT THẦN THÁM 555 QUÂN HUY</title>
		<link>httphttps://github.com/LuongThiXuanMai/blogtintuc.github.io.git/2023/08/22/mo-ban-chinh-thuc-valhein-de-nhat-than-tham-555-quan-huy/</link>
					<comments>httphttps://github.com/LuongThiXuanMai/blogtintuc.github.io.git/2023/08/22/mo-ban-chinh-thuc-valhein-de-nhat-than-tham-555-quan-huy/#respond</comments>
		
		<dc:creator><![CDATA[luongthixuanmai]]></dc:creator>
		<pubDate>Tue, 22 Aug 2023 16:15:53 +0000</pubDate>
				<category><![CDATA[Esport]]></category>
		<guid isPermaLink="false">httphttps://github.com/LuongThiXuanMai/blogtintuc.github.io.git/?p=143</guid>

					<description><![CDATA[Xin chào các Kiện Tướng Hội Đồng xin gửi tới các bạn thông tin: Mở bán trang phục Valhein đệ nhất thần thám &#160; NỘI DUNG <a class="mh-excerpt-more" href="httphttps://github.com/LuongThiXuanMai/blogtintuc.github.io.git/2023/08/22/mo-ban-chinh-thuc-valhein-de-nhat-than-tham-555-quan-huy/" title="MỞ BÁN CHÍNH THỨC VALHEIN ĐỆ NHẤT THẦN THÁM 555 QUÂN HUY">[...]</a>]]></description>
										<content:encoded><![CDATA[<p>Xin chào các Kiện Tướng</p>
<p>Hội Đồng xin gửi tới các bạn thông tin: <strong>Mở bán trang phục Valhein đệ nhất thần thám</strong></p>
<p>&nbsp;</p>
<h3><strong>NỘI DUNG VÀ THỜI GIAN</strong></h3>
<p>&nbsp;</p>
<p><img decoding="async" src="https://lienquan.garena.vn/files/upload/images/2588%20-%20Trang%20ch%E1%BB%A7%201280x720%281%29.jpg" alt="" /></p>
<p>&nbsp;</p>
<p>Trang phục <strong>Valhein Đệ nhất thần thám</strong> đã chính thức ra mắt trong sự chờ đợi sôi sục của người hâm mộ. Và Hội Đồng xin vui mừng thông báo rằng các bạn có thể sở hữu ngay trang phục đang rất hot này với giá ưu đãi chỉ <strong>555QH</strong> từ ngày <strong>18/08 &#8211; 24/08</strong>.</p>
<p>Trang phục <strong>Bậc SS</strong> với rất nhiều hiệu ứng trong game đẹp mắt, từ hiệu ứng chiêu thức cho tới hiệu ứng hình ảnh, mà chỉ có giá <strong>555QH</strong>, quá hời phải không nào. Vậy nên hãy nhanh tay vào game và sở hữu ngay thôi!</p>
<p>Ngoài ra người chơi có cơ hội nhận trang phục khi mở rương thần thám chỉ <strong>10QH</strong>.</p>
<p>&nbsp;</p>
<h3><strong>LƯU Ý</strong></h3>
<p>&nbsp;</p>
<p>Sau thời gian ưu đãi này, Valhein đệ nhất thần thám sẽ vẫn tiếp tục được bán trong shop với giá là <strong>799QH</strong>.</p>
]]></content:encoded>
					
					<wfw:commentRss>httphttps://github.com/LuongThiXuanMai/blogtintuc.github.io.git/2023/08/22/mo-ban-chinh-thuc-valhein-de-nhat-than-tham-555-quan-huy/feed/</wfw:commentRss>
			<slash:comments>0</slash:comments>
		
		
			</item>
		<item>
		<title>CÔNG BỐ ĐỘI HÌNH CHÍNH THỨC 08 ĐỘI TUYỂN THAM DỰ ĐẤU TRƯỜNG DANH VỌNG MÙA ĐÔNG 2023 CÙNG LỊCH THI ĐẤU VÒNG BẢNG LƯỢT ĐI, SAIGON PHANTOM VÀ V GAMING RA QUÂN NGÀY KHAI MẠC 24/08</title>
		<link>httphttps://github.com/LuongThiXuanMai/blogtintuc.github.io.git/2023/08/22/cong-bo-doi-hinh-chinh-thuc-08-doi-tuyen-tham-du-dau-truong-danh-vong-mua-dong-2023-cung-lich-thi-dau-vong-bang-luot-di-saigon-phantom-va-v-gaming-ra-quan-ngay-khai-mac-24-08/</link>
					<comments>httphttps://github.com/LuongThiXuanMai/blogtintuc.github.io.git/2023/08/22/cong-bo-doi-hinh-chinh-thuc-08-doi-tuyen-tham-du-dau-truong-danh-vong-mua-dong-2023-cung-lich-thi-dau-vong-bang-luot-di-saigon-phantom-va-v-gaming-ra-quan-ngay-khai-mac-24-08/#respond</comments>
		
		<dc:creator><![CDATA[luongthixuanmai]]></dc:creator>
		<pubDate>Tue, 22 Aug 2023 16:14:22 +0000</pubDate>
				<category><![CDATA[Esport]]></category>
		<guid isPermaLink="false">httphttps://github.com/LuongThiXuanMai/blogtintuc.github.io.git/?p=140</guid>

					<description><![CDATA[Nối tiếp thành công vang dội tại giải đấu Quốc tế APL 2023, mùa giải Quốc nội Đấu Trường Danh Vọng mùa Đông 2023 (ĐTDV <a class="mh-excerpt-more" href="httphttps://github.com/LuongThiXuanMai/blogtintuc.github.io.git/2023/08/22/cong-bo-doi-hinh-chinh-thuc-08-doi-tuyen-tham-du-dau-truong-danh-vong-mua-dong-2023-cung-lich-thi-dau-vong-bang-luot-di-saigon-phantom-va-v-gaming-ra-quan-ngay-khai-mac-24-08/" title="CÔNG BỐ ĐỘI HÌNH CHÍNH THỨC 08 ĐỘI TUYỂN THAM DỰ ĐẤU TRƯỜNG DANH VỌNG MÙA ĐÔNG 2023 CÙNG LỊCH THI ĐẤU VÒNG BẢNG LƯỢT ĐI, SAIGON PHANTOM VÀ V GAMING RA QUÂN NGÀY KHAI MẠC 24/08">[...]</a>]]></description>
										<content:encoded><![CDATA[<p dir="ltr">Nối tiếp thành công vang dội tại giải đấu Quốc tế APL 2023, mùa giải Quốc nội Đấu Trường Danh Vọng mùa Đông 2023 (ĐTDV mùa Đông 2023) sẽ chính thức trở lại với ngày khai mạc rực lửa 24/08 với sự ra quân ngày mở màn của Đương kim Vô địch APL 2023 &#8211; Saigon Phantom trong trận đấu với đội tuyển GG Live và V Gaming đụng độ cùng The DareDevil Team. Khép lại kỳ chuyển nhượng nhiều biến động, các đội tuyển đã sẵn sàng cho những màn cạnh tranh bùng nổ, gay cấn của mùa giải mới. Bên cạnh đó, lịch thi đấu vòng bảng lượt đi cũng hứa hẹn những diễn biến vô cùng hấp dẫn với những trận siêu kinh điển vào 19h30 các ngày Chủ Nhật hàng tuần giữa bộ ba kỳ phùng địch thủ Saigon Phantom, V Gaming và Team Flash.</p>
<p dir="ltr"><strong>Lịch thi đấu Vòng Bảng lượt đi Đấu Trường Danh Vọng mùa Đông 2023</strong></p>
<p dir="ltr">Tâm điểm Tuần 1 Vòng Bảng lượt đi ĐTDV mùa Đông 2023 là cuộc thử sức đội hình mới của cựu vương Team Flash trước Đương kim Vô địch Quốc nội và Quốc tế &#8211; Saigon Phantom sẽ lên sóng vào lúc 19h30 ngày 27/08 (Chủ nhật)</p>
<p dir="ltr">Vào trận tâm điểm của Tuần 2 sau đó lúc 19h30 ngày 03/09 (Chủ nhật), Saigon Phantom tiếp tục có màn so tài với kỳ phùng địch thủ V Gaming, đáng mong chờ hơn, cuộc chạm trán này được nhận định sẽ ảnh hưởng trực tiếp đến thứ hạng của 2 đội tuyển trên Bảng xếp hạng (BXH) cũng như trả lời cho câu hỏi liệu V Gaming có cơ hội dập tắt đế chế huy hoàng của Saigon Phantom hiện tại hay không.</p>
<p dir="ltr">Cuối cùng, màn đụng độ đáng mong chờ của Team Flash với V Gaming ở tuần thi đấu thứ 3 sẽ diễn ra vào 19h30 ngày 10/09 (Chủ nhật) để chốt sổ Vòng Bảng lượt đi ĐTDV mùa Đông 2023, đồng thời định ra cục diện BXH các đội tuyển sau nửa chặng đường chinh phục Gươm và Khiên Danh Vọng của mùa giải này.</p>
<p dir="ltr">Sau đây là lịch thi đấu chi tiết lượt về Vòng Bảng lượt đi &#8211; Đấu Trường Danh Vọng mùa Đông 2023:</p>
<p dir="ltr"><img decoding="async" src="https://lienquan.garena.vn/files/upload/images/SeaTalk_IMG_1692270932.jpg" alt="" /></p>
<p dir="ltr"><strong>Lịch thi đấu Vòng Bảng lượt đi – ĐTDV mùa Đông 2023</strong></p>
<p dir="ltr"><strong>Công bố đội hình chính thức của 08 đội tuyển tham dự ĐTDV mùa Đông 2023</strong></p>
<p dir="ltr"><strong>Saigon Phantom – Độc cô cầu bại</strong></p>
<p dir="ltr">Sau hành trình trong mơ với chức vô địch tại giải đấu Quốc tế APL 2023, Saigon Phantom đã quyết định giữ nguyên bộ khung mạnh nhất của mình cho mùa giải tới. Liệu rằng với đội hình này, Nhà vua Quốc nội có thể tiếp tục chễm chệ trên đỉnh danh vọng hay ngai vàng sẽ đổi chủ? Hãy cùng đón chờ phần thể hiện của 7 chàng trai tại giải đấu sắp tới nhé!</p>
<p dir="ltr"><img decoding="async" src="https://lienquan.garena.vn/files/upload/images/line-up-SGP.jpg" alt="" /></p>
<p dir="ltr"><strong>Đội hình Saigon Phantom – ĐTDV mùa Đông 2023</strong></p>
<p dir="ltr"><strong>V Gaming (VGM) – Quyết chiến cho ngôi vương Quốc nội</strong></p>
<p dir="ltr">Một lần nữa trở thành bại tướng dưới tay kỳ phùng địch thủ SGP tại trận Chung kết ĐTDV mùa Xuân 2023, V Gaming càng thêm khao khát ngôi vị cao nhất tại giải Quốc nội. Trở về từ giải đấu Quốc tế APL 2023, V Gaming quyết định công bố đội hình chính thức tham dự mùa giải mới với 6 cái tên quen thuộc. Với những mảnh ghép dày dạn kinh nghiệm cùng sức trẻ nhiệt huyết của VGM Sea, liệu ước mơ ấy sẽ được hiện thực hoá, hay một lần nữa Đại bàng vàng đen phải ôm hận, câu trả lời sẽ có tại ĐTDV Mùa Đông 2023.</p>
<p dir="ltr"><img decoding="async" src="https://lienquan.garena.vn/files/upload/images/v-ganming.jpg" alt="" /></p>
<p dir="ltr"><strong>Đội hình V Gaming – ĐTDV mùa Đông 2023</strong></p>
<p dir="ltr"><strong>HEAVY (HEV) &#8211; Trở về với kinh nghiệm Quốc tế</strong></p>
<p dir="ltr">Đội hình HEAVY ra quân tại ĐTDV mùa Đông 2023 có sự xáo trộn nhẹ ở đường Tà thần khi TaricT nói lời chia tay đội tuyển, thay thế vị trí này là Emper &#8211; tuyển thủ từng khoác áo Tân Voi Gaming tại ĐTDV Series B 2022. Với hạng 3 tại giải mùa Xuân cùng với kinh nghiệm thi đấu Quốc tế được tích lũy sau khi trở về từ APL 2023, hi vọng rằng HEAVY sẽ có bước tiến lớn hơn tại mùa giải này.</p>
<p dir="ltr"><img decoding="async" src="https://lienquan.garena.vn/files/upload/images/hevv.jpg" alt="" /></p>
<p dir="ltr"><strong>Đội hình HEAVY – ĐTDV mùa Đông 2023</strong></p>
<p dir="ltr"><strong>HQ Esports (HQ) &#8211; Quyết tâm giữ top, sẵn sàng bay cao</strong></p>
<p dir="ltr">“Chú ngựa ô” HQ Esports &#8211; đội tuyển tại ĐTDV mùa Xuân 2023 vừa qua đã xuất sắc cán đích ở vị trí thứ 4 chung cuộc đã nhanh chóng bổ sung nhân tố bí ẩn mang tên Taiyo ở vị trí đi rừng, bên cạnh đó, Turna cũng đã kịp thời trở lại để khỏa lấp khoảng trống đường giữa mà Ciara để lại. Những cái tên như Bờm, HQ, Shinn sẽ tiếp tục đồng hành cùng HQ Esports trong mùa giải này.</p>
<p dir="ltr"><img decoding="async" src="https://lienquan.garena.vn/files/upload/images/hq.jpg" alt="" /></p>
<p dir="ltr"><strong>Đội hình HQ Esports – ĐTDV mùa Đông 2023</strong></p>
<p dir="ltr"><strong>The DareDevil Team (TDT) – Giải quyết bài toán nhân sự</strong></p>
<p dir="ltr">Sau giải mùa Xuân 2023 cùng giải đấu Quốc tế APL 2023 không đạt được thứ hạng như kỳ vọng, TDT lại tiếp tục phải đối mặt với bài toán nhân sự khi những cái tên cộm cán như ProE, Yiwei và Kary đều ra đi. Kết thúc kỳ chuyển nhượng, 3 cái tên mới sẽ gia nhập TDT là Nolan (đường Tà thần), TNhan (đường Rồng) và Case (trợ thủ) được kỳ vọng sẽ cùng với Rina và Kaisa vực dậy “Quỷ đỏ” ở mùa giải này.</p>
<p dir="ltr"><img decoding="async" src="https://lienquan.garena.vn/files/upload/images/SeaTalk_IMG_1692189064.png" alt="" /></p>
<p dir="ltr"><strong>Đội hình The DareDevil Team – ĐTDV mùa Đông 2023</strong></p>
<p dir="ltr"><strong>GG Live (GGL) – Củng cố xạ thủ, tìm lại bản sắc</strong></p>
<p dir="ltr">Thay tên đổi vận, Box Gaming trở lại ĐTDV mùa Đông 2023 với cái tên mới – GG Live. Sau khi rời TDT, xạ thủ trẻ đầy tiềm năng Sa cũng sẽ thi đấu dưới màu áo GG Live trong mùa giải này cùng với những cái tên cũ quen thuộc như Kuga, Gray, NTzz, Tama và Bridget (tên cũ &#8211; Rinscary).</p>
<p dir="ltr"><img decoding="async" src="https://lienquan.garena.vn/files/upload/images/box%282%29.jpg" alt="" /></p>
<p dir="ltr"><strong>Đội hình GG Live – ĐTDV mùa Đông 2023</strong></p>
<p dir="ltr"><strong>MDH Esport (MDH) – Tìm một điểm đột phá</strong></p>
<p dir="ltr">Trụ hạng thành công sau ĐTDV mùa Xuân 2023 được coi là hoàn thành mục tiêu đối với MDH Esport, tuy nhiên, việc số lượng đội tuyển tham dự ĐTDV đã được rút ngắn xuống còn 8 kể từ mùa giải này, MDH Esport chắc chắn sẽ phải gánh chịu rất nhiều áp lực và cần tìm được sự đột phá khỏi vùng nguy hiểm. Với sự gia nhập của thành viên mới – Haule ở vị trí trợ thủ, mong rằng đội hình của MDH Esport sẽ có những tiến bộ vượt bậc trong thời gian tới.</p>
<p dir="ltr"><img decoding="async" src="https://lienquan.garena.vn/files/upload/images/mdh.jpg" alt="" /></p>
<p dir="ltr"><strong>Đội hình MDH Esport – ĐTDV mùa Đông 2023</strong></p>
<p dir="ltr"><strong>Team Flash (FL) – Xây lại từ điểm khởi đầu</strong></p>
<p dir="ltr">Tham dự ĐTDV mùa Đông 2023 bằng tấm vé thăng hạng, Team Flash gánh chịu nhiều sự hoài nghi liệu họ có thật sự tìm lại được ánh hào quang của quá khứ sau những màn thay máu đội hình đầy chóng vánh nhưng kém hiệu quả. Bé Trọc, cái tên đáng mong đợi nhất trong đội hình “Tia chớp cam” sẽ chính thức đảm nhiệm vị trí đi rừng, ngoài ra, kết thúc kỳ chuyển nhượng, Team Flash cũng đã nhanh chóng “bỏ túi” 3 bản hợp đồng mới mang tên Ciara (đường Rồng), Yutan (trợ thủ) và Kary (đường Tà thần).</p>
<p dir="ltr"><img decoding="async" src="https://lienquan.garena.vn/files/upload/images/template-lineup-FL.jpg" alt="" /></p>
<p dir="ltr"><strong>Đội hình Team Flash – ĐTDV mùa Đông 2023</strong></p>
<p dir="ltr">
<p dir="ltr"><strong>Yếu tố “5Đ” của giải đấu Đấu Trường Danh Vọng</strong></p>
<p dir="ltr">Bước sang mùa giải thứ 15: Đấu Trường Danh Vọng mùa Đông 2023 với số tiền thưởng lên tới hơn 6 tỷ đồng, cùng với thông điệp “Thể thao cho thế hệ mới” và việc truyền tải yếu tố “5Đ” của Đấu Trường Danh Vọng bao gồm: “Đối kháng &#8211; Đồng đội &#8211; Đấu trí &#8211; Độ tập trung &#8211; Đẳng cấp” qua từng trận thi đấu đều là những động thái tích cực cho thấy giải đấu thể thao Đấu Trường Danh Vọng của Liên Quân Mobile đang từng bước thể hiện sự chuyên nghiệp không chỉ trong quy mô mà còn là công tác tổ chức.</p>
<p dir="ltr"><img decoding="async" src="https://lienquan.garena.vn/files/upload/images/5%C4%90.jpg" alt="" /></p>
<p dir="ltr"><strong>Các yếu tố “5Đ” của giải đấu Đấu Trường Danh Vọng</strong></p>
<p dir="ltr">Đấu Trường Danh Vọng mùa Đông 2023 sẽ chính thức khởi tranh vào ngày 24/08/2023 và được tường thuật trực tiếp trên các kênh sóng của Garena Liên Quân Mobile cũng như fanpage Cao Thủ Liên Quân. Hãy cùng theo dõi để cổ vũ cho đội tuyển mình yêu thích trong hành trình chinh phục đỉnh cao danh vọng nhé!</p>
<p dir="ltr">Mọi thông tin chi tiết về Đấu Trường Danh Vọng mùa Đông 2023 sẽ liên tục được cập nhật tại:</p>
<p dir="ltr">Trang chủ: <a href="https://lienquan.garena.vn/">https://lienquan.garena.vn/</a></p>
<p dir="ltr">Fanpage Cao Thủ Liên Quân: <a href="https://facebook.com/caothulqm">https://facebook.com/caothulqm</a></p>
<p dir="ltr">Kênh YouTube Cao Thủ Liên Quân: <a href="https://www.youtube.com/c/Li%C3%AAnQu%C3%A2nMobileeSportsGarena">https://www.youtube.com/c/LiênQuânMobileeSportsGarena</a></p>
]]></content:encoded>
					
					<wfw:commentRss>httphttps://github.com/LuongThiXuanMai/blogtintuc.github.io.git/2023/08/22/cong-bo-doi-hinh-chinh-thuc-08-doi-tuyen-tham-du-dau-truong-danh-vong-mua-dong-2023-cung-lich-thi-dau-vong-bang-luot-di-saigon-phantom-va-v-gaming-ra-quan-ngay-khai-mac-24-08/feed/</wfw:commentRss>
			<slash:comments>0</slash:comments>
		
		
			</item>
		<item>
		<title>XENIEL MA SỨ TẬN THẾ TRỞ LẠI</title>
		<link>httphttps://github.com/LuongThiXuanMai/blogtintuc.github.io.git/2023/08/22/xeniel-ma-su-tan-the-tro-lai/</link>
					<comments>httphttps://github.com/LuongThiXuanMai/blogtintuc.github.io.git/2023/08/22/xeniel-ma-su-tan-the-tro-lai/#respond</comments>
		
		<dc:creator><![CDATA[luongthixuanmai]]></dc:creator>
		<pubDate>Tue, 22 Aug 2023 16:12:56 +0000</pubDate>
				<category><![CDATA[Esport]]></category>
		<guid isPermaLink="false">httphttps://github.com/LuongThiXuanMai/blogtintuc.github.io.git/?p=137</guid>

					<description><![CDATA[Hội Đồng xin gửi tới các bạn Sự Kiện: Lật Thẻ May Mắn NỘI DUNG &#160; Thời gian diễn ra sự kiện: Từ ngày 22/08 đến 06/09/2023 <a class="mh-excerpt-more" href="httphttps://github.com/LuongThiXuanMai/blogtintuc.github.io.git/2023/08/22/xeniel-ma-su-tan-the-tro-lai/" title="XENIEL MA SỨ TẬN THẾ TRỞ LẠI">[...]</a>]]></description>
										<content:encoded><![CDATA[<p>Hội Đồng xin gửi tới các bạn Sự Kiện: <strong>Lật Thẻ May Mắn</strong></p>
<p><img decoding="async" src="https://lienquan.garena.vn/files/upload/images/1920%283%29.jpg" alt="" /></p>
<h3></h3>
<h3><strong>NỘI DUNG</strong></h3>
<p>&nbsp;</p>
<p>Thời gian diễn ra sự kiện: Từ ngày <strong>22/08 đến 06/09/2023</strong></p>
<p>Khi tham gia vào sự kiện, mỗi lượt người chơi sẽ lật 2 thẻ, nếu lật được 2 thẻ giống nhau sẽ nhận phần quà tương ứng <em>(Không nhất thiết phải giống nhau trong cùng một lượt)</em></p>
<p>Giá lượt chơi đầu tiên là: <strong>3 QH,</strong> các lượt chơi tiếp theo lần lượt là: <strong>6-9-19-29-49-69-89-129-299 QH.</strong></p>
<p>Có 20 thẻ tương ứng với 10 vật phẩm trong đó có trang phục <strong>Xeniel Ma sứ tận thế.</strong></p>
<p><em>Danh sách các phần quà tại sự kiện:</em></p>
<p><em>Giấy vẽ bùa S x1</em></p>
<p><em>Đá tiến hoá Ngộ Không cao cấp x1</em></p>
<p><em>Mảnh ngọc x 500</em></p>
<p><em>Đá tiến hóa Nakroth Siêu Việt x1</em></p>
<p><em>Giấy vẽ bùa S x2 Giấy tuyệt sắc x1</em></p>
<p><em>Giấy vẽ bùa S x5 Giấy tuyệt sắc x2</em></p>
<p><em>Hoạt họa Xeniel Ma sứ tận thế</em></p>
<p><em><strong>Trang phục Xeniel Ma sứ tận thế</strong></em></p>
<p>Tại các lượt chơi Đặc biệt, người chơi sẽ nhận được các vật phẩm sau: <em>Lượt 3: Giấy vẽ bùa Sx1, Lượt 6: Viền Xeniel Ma sứ tận thế</em></p>
<p>Khi <strong>chơi hết 10 lượt</strong>, người chơi <strong>chắc chắn</strong> nhận được<strong> trang phục</strong> <strong>Xeniel Ma sứ tận thế </strong>. Nếu may mắn sẽ nhận trước lượt thứ 10.</p>
<p>&nbsp;</p>
<h3><strong>LƯU Ý</strong></h3>
<p>Quân Huy hiển thị trong sự kiện sẽ không tính số lượng QH giới hạn.</p>
<p>Vật phẩm sẽ được gửi thẳng về hòm thư. Hòm thư trong game giới hạn tối đa 100 thư, vượt quá giới hạn này có thể sẽ mất vật phẩm. Vui lòng kiểm tra kỹ hòm thư trước khi tham gia sự kiện.</p>
<p>Báo lỗi sự kiện, vui lòng liên hệ bộ phận CSKH.</p>
]]></content:encoded>
					
					<wfw:commentRss>httphttps://github.com/LuongThiXuanMai/blogtintuc.github.io.git/2023/08/22/xeniel-ma-su-tan-the-tro-lai/feed/</wfw:commentRss>
			<slash:comments>0</slash:comments>
		
		
			</item>
	</channel>
</rss>
