<?xml version="1.0" encoding="UTF-8"?><rss version="2.0"
	xmlns:content="http://purl.org/rss/1.0/modules/content/"
	xmlns:wfw="http://wellformedweb.org/CommentAPI/"
	xmlns:dc="http://purl.org/dc/elements/1.1/"
	xmlns:atom="http://www.w3.org/2005/Atom"
	xmlns:sy="http://purl.org/rss/1.0/modules/syndication/"
	xmlns:slash="http://purl.org/rss/1.0/modules/slash/"
	>

<channel>
	<title>Bóng đá &#8211; Luong Mai blog</title>
	<atom:link href="httphttps://github.com/LuongThiXuanMai/blogtintuc.github.io.git/category/bong-da/feed/" rel="self" type="application/rss+xml" />
	<link>httphttps://github.com/LuongThiXuanMai/blogtintuc.github.io.git</link>
	<description>Một trang web mới sử dụng WordPress</description>
	<lastBuildDate>Tue, 22 Aug 2023 15:32:21 +0000</lastBuildDate>
	<language>vi</language>
	<sy:updatePeriod>
	hourly	</sy:updatePeriod>
	<sy:updateFrequency>
	1	</sy:updateFrequency>
	<generator>https://wordpress.org/?v=6.3.1</generator>
	<item>
		<title>Ngoại hạng Anh 2023/24 và những đội bóng toàn thắng tính đến hiện tại</title>
		<link>httphttps://github.com/LuongThiXuanMai/blogtintuc.github.io.git/2023/08/22/ngoai-hang-anh-2023-24-va-nhung-doi-bong-toan-thang-tinh-den-hien-tai-2/</link>
					<comments>httphttps://github.com/LuongThiXuanMai/blogtintuc.github.io.git/2023/08/22/ngoai-hang-anh-2023-24-va-nhung-doi-bong-toan-thang-tinh-den-hien-tai-2/#respond</comments>
		
		<dc:creator><![CDATA[luongthixuanmai]]></dc:creator>
		<pubDate>Tue, 22 Aug 2023 15:32:21 +0000</pubDate>
				<category><![CDATA[Bóng đá]]></category>
		<guid isPermaLink="false">httphttps://github.com/LuongThiXuanMai/blogtintuc.github.io.git/?p=81</guid>

					<description><![CDATA[Premier League mùa giải mới đã đi qua 2 vòng đấu và có 3 đội bóng sở hữu thành tích toàn thắng.  Vào rạng sáng <a class="mh-excerpt-more" href="httphttps://github.com/LuongThiXuanMai/blogtintuc.github.io.git/2023/08/22/ngoai-hang-anh-2023-24-va-nhung-doi-bong-toan-thang-tinh-den-hien-tai-2/" title="Ngoại hạng Anh 2023/24 và những đội bóng toàn thắng tính đến hiện tại">[...]</a>]]></description>
										<content:encoded><![CDATA[<h2><strong><em>Premier League mùa giải mới đã đi qua 2 vòng đấu và có 3 đội bóng sở hữu thành tích toàn thắng. </em></strong></h2>
<p>Vào rạng sáng nay, Arsenal đã giành thắng lợi tối thiểu khi làm khách trên sân Selhurst Park của Crystal Palace. Martin Odegaard là người đã ghi bàn thắng duy nhất của trận đấu trên chấm 11 mét. Như vậy, Pháo thủ đã toàn thắng sau 2 vòng đấu đã qua. Trước đó, họ đã giành thắng lợi với tỷ số 2-1 trước Nottingham Forest ở trận ra quân của mình.</p>
<div class="ads-insite show-pc banner-left"><a href="https://www.sabavn.com/ngoai-hang-anh-sabavn"><img decoding="async" fetchpriority="high" class="img-res" src="https://www.sabavn.com//uploads/banner/796910x150.jpg" alt="Banner left" width="910" height="150" /></a></div>
<figure class="wp-block-image size-full"><img decoding="async" class="wp-image-216367" src="https://vncdn.sabasports.com/2023/08/ngoai-hang-anh-1-4.jpg" alt="Odegaard và đồng đội vừa hạ Palace" /><figcaption class="wp-element-caption"><em>Odegaard và đồng đội vừa hạ Palace</em></figcaption></figure>
<p>Bên cạnh đội bóng của Mikel Arteta, có 2 cái tên khác cũng đang sở hữu thành tích toàn thắng tính đến thời điểm hiện tại. Đó là Man City và Brighton. Ở trận đấu đầu tiên của Ngoại hạng Anh 2023/24, The Citizens đã đánh bại Burnley 3-0 với Erling Haaland có cho mình một cú đúp. Và vào cuối tuần qua, đội bóng của Pep Guardiola đã giành thắng lợi tối thiểu trước Newcastle với pha lập công duy nhất của Julian Alvarez.</p>
<p>Còn với Brighton, The Seagulls đã giành thắng lợi với cùng tỷ số 4-1 ở 2 trận đấu đã qua của mình. Đội bóng của Roberto De Zerbi đã lần lượt đánh bại Luton Town và Wolves. Brighton hiện đang dẫn đầu trên BXH với Man City và Arsenal theo sau. Cùng với 3 cái tên kể trên, 4 đội bóng khác vẫn chưa thua tại Ngoại hạng Anh 2023/24 là Brentford, Liverpool, Tottenham và West Ham. 4 điểm là thành tích của những CLB này.</p>
<h3><strong>Lịch thi đấu vòng 3</strong></h3>
<p>Cuối tuần này, Ngoại hạng Anh 2023/24 sẽ tiếp tục sôi động với các trận đấu ở vòng 3. Trận đấu sớm nhất sẽ là màn tiếp đón Luton Town của Chelsea tại Stamford Bridge. Ở vòng 2, The Blues đã gây thất vọng khi để thua West Ham 1-3. Trong khi đó, trận đấu giữa Luton Town và Burnley đã được hoãn lại.</p>
<p>02h00 ngày 26/08: Chelsea vs Luton Town</p>
<p>18h30 ngày 26/08: Bournemouth vs Tottenham</p>
<p>21h00 ngày 26/08: Brentford vs Crystal Palace</p>
<p>21h00 ngày 26/08: Arsenal vs Fulham</p>
<p>21h00 ngày 26/08: Man United vs Nottingham Forest</p>
<p>21h00 ngày 26/08: Everton vs Wolves</p>
<p>23h30 ngày 26/08: Brighton vs West Ham</p>
<p>20h00 ngày 27/08: Sheffield United vs Man City</p>
<p>20h00 ngày 27/08: Burnley vs Aston Villa</p>
<p>22h30 ngày 27/08: Newcastle vs Liverpool</p>
]]></content:encoded>
					
					<wfw:commentRss>httphttps://github.com/LuongThiXuanMai/blogtintuc.github.io.git/2023/08/22/ngoai-hang-anh-2023-24-va-nhung-doi-bong-toan-thang-tinh-den-hien-tai-2/feed/</wfw:commentRss>
			<slash:comments>0</slash:comments>
		
		
			</item>
		<item>
		<title>Sao trẻ Arsenal cán mốc ấn tượng trong chiến thắng trước Crystal Palace</title>
		<link>httphttps://github.com/LuongThiXuanMai/blogtintuc.github.io.git/2023/08/22/sao-tre-arsenal-can-moc-an-tuong-trong-chien-thang-truoc-crystal-palace/</link>
					<comments>httphttps://github.com/LuongThiXuanMai/blogtintuc.github.io.git/2023/08/22/sao-tre-arsenal-can-moc-an-tuong-trong-chien-thang-truoc-crystal-palace/#respond</comments>
		
		<dc:creator><![CDATA[luongthixuanmai]]></dc:creator>
		<pubDate>Tue, 22 Aug 2023 15:31:15 +0000</pubDate>
				<category><![CDATA[Bóng đá]]></category>
		<guid isPermaLink="false">httphttps://github.com/LuongThiXuanMai/blogtintuc.github.io.git/?p=78</guid>

					<description><![CDATA[Ra sân trong chiến thắng trước The Eagles, Bukayo Saka đã đuổi kịp kỷ lục của huyền thoại Paul Merson ở Arsenal. Ở trận đấu <a class="mh-excerpt-more" href="httphttps://github.com/LuongThiXuanMai/blogtintuc.github.io.git/2023/08/22/sao-tre-arsenal-can-moc-an-tuong-trong-chien-thang-truoc-crystal-palace/" title="Sao trẻ Arsenal cán mốc ấn tượng trong chiến thắng trước Crystal Palace">[...]</a>]]></description>
										<content:encoded><![CDATA[<h2><strong><em>Ra sân trong chiến thắng trước The Eagles, Bukayo Saka đã đuổi kịp kỷ lục của huyền thoại Paul Merson ở Arsenal.</em></strong></h2>
<p>Ở trận đấu muộn nhất vòng 2 Ngoại hạng Anh đêm qua, Arsenal đã có chiến thắng 1-0 trước Crystal Palace nhờ pha lập công trên chấm 11m của Martin Odegaard. Không chỉ giành được 3 điểm, Pháo thủ còn chứng kiến ngôi sao trẻ Bukayo Saka cán mốc ấn tượng trong sự nghiệp.</p>
<div class="ads-insite show-pc banner-left"><a href="https://www.sabavn.com/ngoai-hang-anh-sabavn"><img decoding="async" class="img-res" src="https://www.sabavn.com//uploads/banner/796910x150.jpg" alt="Banner left" width="910" height="150" /></a></div>
<p>Theo đó, tính cả lần ra sân này, cầu thủ người Anh đã có liên tiếp 82 trận đấu ở Ngoại hạng Anh. Con số này vừa bằng với thành tích của cựu danh thủ Paul Merson. Huyền thoại Pháo thủ từng cán mốc 82 trận thi đấu liên tiếp trong giai đoạn từ 1995 đến 1997.</p>
<figure class="wp-block-image size-full"><img decoding="async" class="wp-image-216323" src="https://vncdn.sabasports.com/2023/08/bukayo-saka-can-moc-an-tuong-vs-arsenal-1.jpg" alt="Bukayo Saka đuổi kịp kỷ lục của huyền thoại Merson" /><figcaption class="wp-element-caption"><em>Bukayo Saka đuổi kịp kỷ lục của huyền thoại Merson</em></figcaption></figure>
<p>Về phía Saka, chuỗi trận ấn tượng của anh bắt đầu từ tháng 5/2021, khi anh góp công lớn trong chiến thắng 4-1 của Arsenal trước West Brom. Thời điểm đó, anh chơi ở vị trí hậu vệ và đóng góp 1 kiến tạo. Tính từ thắng lợi này, Saka luôn có mặt trong đội hình Pháo thủ, với 78 lần đá chính và 4 lần vào sân từ ghế dự bị.</p>
<p>Saka không chỉ là một cầu thủ quan trọng của Mikel Arteta, mà còn là một tượng đài về thể lực khi rất ít khi gặp chấn thương. Minh chứng rõ nét nhất là việc ngôi sao 21 tuổi đã có hơn 180 trận cho Arsenal, trong đó có 136 lần xuất hiện tại giải đấu cao nhất nước Anh.</p>
<p>Nếu ra sân vào cuối tuần này, Saka sẽ phá kỷ lục của Merson và tiếp tục viết nên lịch sử cho đội bóng. Điều này chắc chắn sẽ xảy ra khi anh luôn là sự lựa chọn hàng đầu của HLV Mikel Arteta.</p>
]]></content:encoded>
					
					<wfw:commentRss>httphttps://github.com/LuongThiXuanMai/blogtintuc.github.io.git/2023/08/22/sao-tre-arsenal-can-moc-an-tuong-trong-chien-thang-truoc-crystal-palace/feed/</wfw:commentRss>
			<slash:comments>0</slash:comments>
		
		
			</item>
		<item>
		<title>Có Endo, Liverpool không mua thêm tiền vệ trụ nữa</title>
		<link>httphttps://github.com/LuongThiXuanMai/blogtintuc.github.io.git/2023/08/22/co-endo-liverpool-khong-mua-them-tien-ve-tru-nua/</link>
					<comments>httphttps://github.com/LuongThiXuanMai/blogtintuc.github.io.git/2023/08/22/co-endo-liverpool-khong-mua-them-tien-ve-tru-nua/#respond</comments>
		
		<dc:creator><![CDATA[luongthixuanmai]]></dc:creator>
		<pubDate>Tue, 22 Aug 2023 15:30:24 +0000</pubDate>
				<category><![CDATA[Bóng đá]]></category>
		<guid isPermaLink="false">httphttps://github.com/LuongThiXuanMai/blogtintuc.github.io.git/?p=75</guid>

					<description><![CDATA[Theo xác nhận từ nhà báo thân đội bóng, Lữ Đoàn Đỏ quyết định sẽ đánh cược vào tuyển thủ Nhật Bản trong mùa giải <a class="mh-excerpt-more" href="httphttps://github.com/LuongThiXuanMai/blogtintuc.github.io.git/2023/08/22/co-endo-liverpool-khong-mua-them-tien-ve-tru-nua/" title="Có Endo, Liverpool không mua thêm tiền vệ trụ nữa">[...]</a>]]></description>
										<content:encoded><![CDATA[<h2><em>Theo xác nhận từ nhà báo thân đội bóng, Lữ Đoàn Đỏ quyết định sẽ đánh cược vào tuyển thủ Nhật Bản trong mùa giải này.</em></h2>
<h3>Liverpool và bài toán số 6</h3>
<p>Liverpool đã để mất hai tiền vệ trụ cột Jordan Henderson và Fabinho trong mùa hè khi cả hai chuyển sang Saudi Arabia để thi đấu. Đây là một tổn thất lớn cho The Kop, khi 2 cầu thủ này không chỉ có khả năng phòng ngự và phát động tấn công, mà còn là những nhân tố lãnh đạo trên sân.</p>
<div class="ads-insite show-pc banner-left"><a href="https://www.sabavn.com/ngoai-hang-anh-sabavn"><img decoding="async" class="img-res" src="https://www.sabavn.com//uploads/banner/796910x150.jpg" alt="Banner left" width="910" height="150" /></a></div>
<p>Để lấp đầy khoảng trống, Liverpool đã chiêu mộ Alexis Mac Allister và Dominik Szoboszlai. Tuy nhiên, họ vẫn cần một tiền vệ phòng ngự để thay thế cho Fabinho, người chơi rất ổn định ở vị trí này trong nhiều mùa giải.</p>
<figure class="wp-block-image size-full"><img decoding="async" class="wp-image-216335" src="https://vncdn.sabasports.com/2023/08/Liverpool-khong-mua-tien-ve-1.jpg" alt="Mac Allister nhận thẻ đỏ trong trận gặp Bournemouth" /><figcaption class="wp-element-caption"><em>Mac Allister nhận thẻ đỏ trong trận gặp Bournemouth</em></figcaption></figure>
<p>Ban đầu, đội bóng có ý định mua Moises Caicedo và Romeo Lavia, nhưng đã không thành công khi cả hai cầu thủ này đều chọn gia nhập Chelsea.</p>
<h3>Đánh cược vào Endo</h3>
<p>Như đã biết, Liverpool quyết định chiêu mộ tiền vệ Wataru Endo từ Stuttgart với giá khoảng 16 triệu bảng, thời hạn 4 năm. Ngay ở trận gặp Bournemouth, cầu thủ người Nhật được sử dụng trong 30 phút cuối trận và anh để lại một vài thông số ấn tượng: chuyền bóng chính xác 88% (15/17 quả), 1 pha tắc bóng, 1 đánh chặn và 2 lần phá bóng thành công.</p>
<figure class="wp-block-image size-full"><img decoding="async" class="wp-image-216336" src="https://vncdn.sabasports.com/2023/08/Liverpool-khong-mua-tien-ve-2.jpg" alt="Endo chơi tạm ổn trong trận ra mắt" /><figcaption class="wp-element-caption"><em>Endo chơi tạm ổn trong trận ra mắt</em></figcaption></figure>
<p>Nhiều người cho rằng Endo chỉ là phương án dự phòng cho hàng tiền vệ như cách Liverpool chiêu mộ Milner, anh chủ yếu được vá víu vào những vị trí mà đội bóng mất người do chấn thương hoặc thẻ phạt. Bởi lẽ, The Kop thường không có thói quen chiêu mộ những cầu thủ lớn tuổi suốt những năm qua, Thiago là trường hợp ngoại lệ.</p>
<p>Tuy vậy, theo xác nhận từ nhà báo James Pearce, Liverpool không có ý định chiêu mộ thêm một tiền vệ phòng ngự nào khác trong mùa hè này. Endo sẽ được bố trí đá chính ngay từ đầu. Trong trường hợp cầu thủ người Nhật không thể thi đấu thì họ vẫn còn Stefan Bajcetic.</p>
<p>Vị trí tiếp theo mà Liverpool tìm kiếm là 1 tiền vệ đa năng. Cái tên được nhắm đến là Ryan Gravenberch nhưng Bayern hiện không có ý định bán anh.</p>
]]></content:encoded>
					
					<wfw:commentRss>httphttps://github.com/LuongThiXuanMai/blogtintuc.github.io.git/2023/08/22/co-endo-liverpool-khong-mua-them-tien-ve-tru-nua/feed/</wfw:commentRss>
			<slash:comments>0</slash:comments>
		
		
			</item>
		<item>
		<title>BLV Quang Huy dự đoán trận U23 Việt Nam &#8211; U23 Philippines, hé lộ người kế thừa Quang Hải</title>
		<link>httphttps://github.com/LuongThiXuanMai/blogtintuc.github.io.git/2023/08/22/blv-quang-huy-du-doan-tran-u23-viet-nam-u23-philippines-he-lo-nguoi-ke-thua-quang-hai/</link>
					<comments>httphttps://github.com/LuongThiXuanMai/blogtintuc.github.io.git/2023/08/22/blv-quang-huy-du-doan-tran-u23-viet-nam-u23-philippines-he-lo-nguoi-ke-thua-quang-hai/#respond</comments>
		
		<dc:creator><![CDATA[luongthixuanmai]]></dc:creator>
		<pubDate>Tue, 22 Aug 2023 15:28:28 +0000</pubDate>
				<category><![CDATA[Bóng đá]]></category>
		<guid isPermaLink="false">httphttps://github.com/LuongThiXuanMai/blogtintuc.github.io.git/?p=72</guid>

					<description><![CDATA[Vị chuyên gia 49 tuổi đã đưa ra những nhận định sâu sắc về tình hình hai đội trước trận cầu then chốt tại bảng <a class="mh-excerpt-more" href="httphttps://github.com/LuongThiXuanMai/blogtintuc.github.io.git/2023/08/22/blv-quang-huy-du-doan-tran-u23-viet-nam-u23-philippines-he-lo-nguoi-ke-thua-quang-hai/" title="BLV Quang Huy dự đoán trận U23 Việt Nam &#8211; U23 Philippines, hé lộ người kế thừa Quang Hải">[...]</a>]]></description>
										<content:encoded><![CDATA[<h2 class="has-medium-font-size"><strong><em>Vị chuyên gia 49 tuổi đã đưa ra những nhận định sâu sắc về tình hình hai đội trước trận cầu then chốt tại bảng C giải U23 Đông Nam Á.</em></strong></h2>
<h3><strong>BLV Quang Huy phân tích U23 Philippines</strong></h3>
<p>“Ở trận ra quân, U23 Philippines đã không thể hiện được sức mạnh đáng kể so với Lào. Hàng thủ Philippines tỏ ra non nớt, bị Lào gỡ hòa 2 lần. Điểm mạnh của hàng công Philippines ở trận gặp Lào là khả năng không chiến. Đây là vấn đề mà hàng thủ Việt Nam cần phải cảnh giác,” gương mặt nổi tiếng của làng bóng đá Việt Nam phát biểu trên <a href="https://www.youtube.com/watch?v=whkT9cRLNdo">kênh YouTube</a> của mình.</p>
<div class="ads-insite show-pc banner-left"><a href="https://www.sabavn.com/ngoai-hang-anh-sabavn"><img decoding="async" loading="lazy" class="img-res" src="https://www.sabavn.com//uploads/banner/796910x150.jpg" alt="Banner left" width="910" height="150" /></a></div>
<p>“Chúng ta biết rằng Philippines, cả bóng đá nam và nữ, đều nhập tịch. Họ có tầm vóc tốt, những pha rót bổng từ xa vào, để hóa giải nhiều khi là chuyện không đơn giản. Chúng ta cần phải tập trung và có những nhân sự phù hợp để chống bóng bổng.”</p>
<p><strong><a href="https://www.sabavn.com/lich-thi-dau-giai-u23-dong-nam-a-2023-day-du-nhat-u23-viet-nam-quyet-bao-ve-ngoi-vuong-212174.html">&gt;&gt;&gt;LỊCH THI ĐẤU GIẢI U23 ĐÔNG NAM Á 2023</a></strong></p>
<h3><strong>BLV Quang Huy dành lời khen cho U23 Việt Nam</strong></h3>
<p>Chuyên gia quê Hà Nội cho biết:</p>
<p>“Cơ bản, tôi thấy giữa HLV Hoàng Anh Tuấn và HLV [Philippe] Troussier có những tương đồng trong cách phát triển lối chơi. Họ muốn hướng đến cách chơi mở, chủ động cầm bóng. Thực tế, trong hiệp hai trận đấu gặp Lào, chúng ta đã chơi tốt. Những pha lên bóng rất chủ động, ít chạm, sắc bén và khả năng dứt điểm thì chính xác.</p>
<figure class="wp-block-image size-full"><img decoding="async" class="wp-image-216333" src="https://vncdn.sabasports.com/2023/08/BLV-Quang-Huy-u23-viet-nam-philippines-2.jpg" alt="U23 Việt Nam cố gắng kiểm soát bóng (Ảnh: Toquoc.vn)" /><figcaption class="wp-element-caption"><em>U23 Việt Nam cố gắng kiểm soát bóng (Ảnh: Toquoc.vn)</em></figcaption></figure>
<p>Ở trận đấu gặp Lào, những thay đổi và sắp đặt con người của ông Hoàng Anh Tuấn cơ bản là tốt&#8230; Với những gì đã diễn ra thì tôi rất tự tin vào một chiến thắng của U23 Việt Nam trước Philippines. <a href="https://www.sabavn.com/nhan-dinh-bong-da-u23-viet-nam-vs-u23-philippines-16h00-ngay-22-08-nhat-bang-khong-noi-nhieu-215920.html">Trận này</a> tôi đoán 2-0.”</p>
<p>Đối với BLV Quang Huy, tiền vệ Khuất Văn Khang là cái tên mang lại ấn tượng đặc biệt nhất. Ông mô tả:</p>
<p>“Văn Khang thì quá hay rồi. Cậu ấy đá ở đâu trên hàng công cũng được. Cậu ấy có những kỹ năng đặc biệt, cái chân trái rất hay, luôn khiến đối phương bất ngờ. Tôi nghĩ Văn Khang là cầu thủ mà chúng ta có thể hy vọng cậu ấy sẽ trưởng thành lên để tiếp bước những quái kiệt kiểu như Hồng Sơn hay Quang Hải.”</p>
]]></content:encoded>
					
					<wfw:commentRss>httphttps://github.com/LuongThiXuanMai/blogtintuc.github.io.git/2023/08/22/blv-quang-huy-du-doan-tran-u23-viet-nam-u23-philippines-he-lo-nguoi-ke-thua-quang-hai/feed/</wfw:commentRss>
			<slash:comments>0</slash:comments>
		
		
			</item>
		<item>
		<title>Brighton mua sao 19 tuổi thay thế Moises Caicedo</title>
		<link>httphttps://github.com/LuongThiXuanMai/blogtintuc.github.io.git/2023/08/22/brighton-mua-sao-19-tuoi-thay-the-moises-caicedo/</link>
					<comments>httphttps://github.com/LuongThiXuanMai/blogtintuc.github.io.git/2023/08/22/brighton-mua-sao-19-tuoi-thay-the-moises-caicedo/#respond</comments>
		
		<dc:creator><![CDATA[luongthixuanmai]]></dc:creator>
		<pubDate>Tue, 22 Aug 2023 15:27:36 +0000</pubDate>
				<category><![CDATA[Bóng đá]]></category>
		<guid isPermaLink="false">httphttps://github.com/LuongThiXuanMai/blogtintuc.github.io.git/?p=69</guid>

					<description><![CDATA[Nguồn tin cho biết Brighton đã hoàn tất thỏa thuận với Lille về trường hợp của tiền vệ được đánh giá cao Carlos Baleba. Tờ <a class="mh-excerpt-more" href="httphttps://github.com/LuongThiXuanMai/blogtintuc.github.io.git/2023/08/22/brighton-mua-sao-19-tuoi-thay-the-moises-caicedo/" title="Brighton mua sao 19 tuổi thay thế Moises Caicedo">[...]</a>]]></description>
										<content:encoded><![CDATA[<h2><strong><em>Nguồn tin cho biết Brighton đã hoàn tất thỏa thuận với Lille về trường hợp của tiền vệ được đánh giá cao Carlos Baleba.</em></strong></h2>
<p>Tờ TEAMtalk khẳng định thỏa thuận đã được thống nhất vào chiều thứ Hai với giám đốc thể thao của Seagulls, David Weir, đã chốt giá thương vụ trị ở mức 30 triệu euro. Để thành công thuyết phục Baleba, Brighton đã vượt mặt được các đối thủ như Nottingham Forest, Brentford và Crystal Palace.</p>
<div class="ads-insite show-pc banner-left"><a href="https://www.sabavn.com/ngoai-hang-anh-sabavn"><img decoding="async" loading="lazy" class="img-res" src="https://www.sabavn.com//uploads/banner/796910x150.jpg" alt="Banner left" width="910" height="150" /></a></div>
<p>Dù mới chỉ 19 tuổi nhưng Baleba đang được xem là sự thay thế trực tiếp cho Moise Caicedo, người vừa cập bến Chelsea với mức giá kỷ lục 115 triệu bảng. Sao mai người Cameroon nổi bật với khả năng chuyền bóng và hoạt động với cường độ cao. Đồng thời, anh cũng có thể chơi ở vị trí tiền vệ phòng ngự hoặc chuyển sang vai trò box-to-box.</p>
<figure class="wp-block-image size-full"><img decoding="async" class="wp-image-216346" src="https://vncdn.sabasports.com/2023/08/brighton-mua-carlos-baleba-1.jpg" alt="Carlos Baleba mới chỉ 19 tuổi nhưng đã thể hiện phẩm chất rất ấn tượng" /><figcaption class="wp-element-caption"><em>Carlos Baleba mới chỉ 19 tuổi nhưng đã thể hiện phẩm chất rất ấn tượng</em></figcaption></figure>
<h3><strong>Brighton sớm ra mắt tân binh</strong></h3>
<p>Trước đó, Liverpool cũng là một trong số những đội bóng bày tỏ sự quan tâm đến Baleba. The Kop sau khi thất bại trong thương vụ Caicedo đang rất cần một gương mặt thay thế trong khi TTCN không còn kéo dài quá lâu.</p>
<p>Nếu mọi thứ diễn ra suôn sẻ, Carlos Baleba có thể ra mắt Brighton ngay trong tuần này. Đoàn quân của HLV De Zerbi sẽ có cuộc đón tiếp West Ham trên sân nhà ở vòng 3 Ngoại hạng Anh.</p>
<p>Baleba mới chỉ có 36 lần ra sân trong sự nghiệp cấp câu lạc bộ sau khi bùng nổ ở mùa giải trước. Tiền vệ sinh năm 2004 mới chỉ biết đến bóng đá châu Âu khi được Lille mang về hồi năm ngoái. Anh có màn ra mắt bóng đá chuyên nghiệp cho CLB nước Pháp vào tháng 8/2022 trong chiến thắng 4-1 trước Auxerre tại Ligue 1.</p>
]]></content:encoded>
					
					<wfw:commentRss>httphttps://github.com/LuongThiXuanMai/blogtintuc.github.io.git/2023/08/22/brighton-mua-sao-19-tuoi-thay-the-moises-caicedo/feed/</wfw:commentRss>
			<slash:comments>0</slash:comments>
		
		
			</item>
		<item>
		<title>HLV U23 Thái Lan: &#8216;Việt Nam là đội mạnh nhất giải&#8217;</title>
		<link>httphttps://github.com/LuongThiXuanMai/blogtintuc.github.io.git/2023/08/22/hlv-u23-thai-lan-viet-nam-la-doi-manh-nhat-giai/</link>
					<comments>httphttps://github.com/LuongThiXuanMai/blogtintuc.github.io.git/2023/08/22/hlv-u23-thai-lan-viet-nam-la-doi-manh-nhat-giai/#respond</comments>
		
		<dc:creator><![CDATA[luongthixuanmai]]></dc:creator>
		<pubDate>Tue, 22 Aug 2023 15:26:44 +0000</pubDate>
				<category><![CDATA[Bóng đá]]></category>
		<guid isPermaLink="false">httphttps://github.com/LuongThiXuanMai/blogtintuc.github.io.git/?p=66</guid>

					<description><![CDATA[HLV Issara Sritaro đã có những chia sẻ về U23 Việt Nam sau khi U23 Thái Lan giành vé vào bán kết U23 Đông Nam <a class="mh-excerpt-more" href="httphttps://github.com/LuongThiXuanMai/blogtintuc.github.io.git/2023/08/22/hlv-u23-thai-lan-viet-nam-la-doi-manh-nhat-giai/" title="HLV U23 Thái Lan: &#8216;Việt Nam là đội mạnh nhất giải&#8217;">[...]</a>]]></description>
										<content:encoded><![CDATA[<h2><strong><em>HLV Issara Sritaro đã có những chia sẻ về U23 Việt Nam sau khi U23 Thái Lan giành vé vào bán kết U23 Đông Nam Á 2023.</em></strong></h2>
<p>Vào tối qua, đội chủ nhà đã thi đấu trận cuối cùng của mình ở vòng bảng. Họ đã có cho mình thắng lợi 2-0 trước U23 Campuchia. Như vậy, U23 Thái Lan đã toàn thắng ở cả 3 trận tại bảng A. Họ ghi 8 bàn trong khi chưa phải vào lưới nhặt bóng. Trước đó, đoàn quân của HLV Issara Sritaro đã có các chiến thắng với cùng tỷ số 3-0 trước U23 Myanmar và U23 Brunei. Giờ đây, U23 Thái Lan sẽ chờ đợi đối thủ của mình ở bán kết.</p>
<div class="ads-insite show-pc banner-left"><a href="https://www.sabavn.com/ngoai-hang-anh-sabavn"><img decoding="async" loading="lazy" class="img-res" src="https://www.sabavn.com//uploads/banner/796910x150.jpg" alt="Banner left" width="910" height="150" /></a></div>
<p>Chia sẻ sau trận đấu với U23 Campuchia, HLV Issara Sritaro cho biết: Chúng tôi hiện chưa biết chính xác đối thủ tại vòng bán kết. Tuy nhiên, trong bóng đá, chúng tôi luôn muốn đối đầu với những đối thủ mạnh nhất. Việt Nam chắc chắn là đội mạnh nhất giải năm nay. Họ thi đấu rất tốt, chúng tôi sẽ cần phân tích kỹ càng lối chơi của họ trên sân&#8221;.</p>
<figure class="wp-block-image size-full"><img decoding="async" class="wp-image-216350" src="https://vncdn.sabasports.com/2023/08/hlv-u23-thai-lan.jpg" alt="Đội bóng của HLV Hoàng Anh Tuấn đang dẫn đầu bảng C. (Ảnh: VFF)" /><figcaption class="wp-element-caption"><em>Đội bóng của HLV Hoàng Anh Tuấn đang dẫn đầu bảng C. (Ảnh: VFF)</em></figcaption></figure>
<p>Vào ngày 20/08 vừa qua, U23 Việt Nam đã bắt đầu hành trình của mình tại giải U23 Đông Nam Á 2023 bằng cuộc đấu với đối thủ U23 Lào. Chung cuộc, thầy trò HLV Hoàng Anh Tuấn đã giành chiến thắng với tỷ số 4-1. Và vào tối nay, Quốc Việt và đồng đội sẽ có màn so tài với U23 Philippines. Chỉ cần không thua, U23 Việt Nam sẽ đi tiếp với ngôi nhất bảng.</p>
<p>Cùng giờ, U23 Timor Leste và U23 Malaysia sẽ đối đầu trong trận đấu cuối cùng của bảng B. Theo đánh giá hiện tại, U23 Việt Nam, U23 Malaysia và U23 Indonesia nhiều khả năng sẽ là những cái tên còn lại góp mặt ở vòng bán kết. Theo lịch, 2 trận bán kết của giải sẽ diễn ra vào ngày 24/08. Trong khi đó, các trận tranh hạng 3 và chung kết sẽ thi đấu sau đó 2 ngày.</p>
]]></content:encoded>
					
					<wfw:commentRss>httphttps://github.com/LuongThiXuanMai/blogtintuc.github.io.git/2023/08/22/hlv-u23-thai-lan-viet-nam-la-doi-manh-nhat-giai/feed/</wfw:commentRss>
			<slash:comments>0</slash:comments>
		
		
			</item>
		<item>
		<title>Tin nóng bóng đá quốc tế hôm nay 22/08: Neville chỉ trích cách MU xử lý chuyện Greenwood, Arsenal quyết không bán trung vệ trụ cột</title>
		<link>httphttps://github.com/LuongThiXuanMai/blogtintuc.github.io.git/2023/08/22/tin-nong-bong-da-quoc-te-hom-nay-22-08-neville-chi-trich-cach-mu-xu-ly-chuyen-greenwood-arsenal-quyet-khong-ban-trung-ve-tru-cot/</link>
					<comments>httphttps://github.com/LuongThiXuanMai/blogtintuc.github.io.git/2023/08/22/tin-nong-bong-da-quoc-te-hom-nay-22-08-neville-chi-trich-cach-mu-xu-ly-chuyen-greenwood-arsenal-quyet-khong-ban-trung-ve-tru-cot/#respond</comments>
		
		<dc:creator><![CDATA[luongthixuanmai]]></dc:creator>
		<pubDate>Tue, 22 Aug 2023 15:25:48 +0000</pubDate>
				<category><![CDATA[Bóng đá]]></category>
		<guid isPermaLink="false">httphttps://github.com/LuongThiXuanMai/blogtintuc.github.io.git/?p=63</guid>

					<description><![CDATA[Tin nóng bóng đá quốc tế ngày 22/08: Bóng đá Pháp tiếp tục xảy ra bạo loạn, đối thủ Messi dùng cách lạ để bán <a class="mh-excerpt-more" href="httphttps://github.com/LuongThiXuanMai/blogtintuc.github.io.git/2023/08/22/tin-nong-bong-da-quoc-te-hom-nay-22-08-neville-chi-trich-cach-mu-xu-ly-chuyen-greenwood-arsenal-quyet-khong-ban-trung-ve-tru-cot/" title="Tin nóng bóng đá quốc tế hôm nay 22/08: Neville chỉ trích cách MU xử lý chuyện Greenwood, Arsenal quyết không bán trung vệ trụ cột">[...]</a>]]></description>
										<content:encoded><![CDATA[<h2><strong><em>Tin nóng bóng đá quốc tế ngày 22/08: Bóng đá Pháp tiếp tục xảy ra bạo loạn, đối thủ Messi dùng cách lạ để bán vé.</em></strong></h2>
<h3><strong>Neville chỉ trích cách MU xử lý chuyện Greenwood</strong></h3>
<p>“Cuối cùng Man United cũng đưa ra quyết định, và thật may khi đó là quyết định đúng đắn. Việc Greenwood không chơi bóng cho MU trong tương lai là chuyện khá rõ ràng. Dù vậy, cách xử lý của ban lãnh đạo Quỷ đỏ thật tồi tệ. Họ không có một người lãnh đạo đủ tầm cỡ và sự quyết đoán để đưa ra quyết định”.</p>
<div class="ads-insite show-pc banner-left"><a href="https://www.sabavn.com/ngoai-hang-anh-sabavn"><img decoding="async" loading="lazy" class="img-res" src="https://www.sabavn.com//uploads/banner/796910x150.jpg" alt="Banner left" width="910" height="150" /></a></div>
<p>Đó là phát biểu của Gary Neville khi được hỏi về vụ việc liên quan tới Mason Greenwood. Huyền thoại của Quỷ đỏ không đồng ý với cách giải quyết nội bộ của đội bóng trong bối cảnh kinh nghiệm và sự quyết đoán của những người có thẩm quyền không được thể hiện.</p>
<figure class="wp-block-image size-full"><img decoding="async" class="wp-image-216359" src="https://vncdn.sabasports.com/2023/08/Tin-nong-bong-da-quoc-te-hom-nay-3-4.jpg" alt="Neville không đồng ý với cách Man United xử lý khủng hoảng Mason Greenwood" /><figcaption class="wp-element-caption"><em>Neville không đồng ý với cách Man United xử lý khủng hoảng Mason Greenwood</em></figcaption></figure>
<p>Đã có những thông tin về việc Greenwood sẽ được đưa trở lại đội 1 của Man United. Công bố chính thức đáng lẽ ra đã được đăng tải vào đầu tháng 8, và những nguồn tin tuồn ra khiến người hâm mộ Quỷ đỏ cảm thấy phẫn nộ. Cầu thủ người Anh cũng đã lên tiếng sau khi MU đưa ra quyết định cuối cùng, nhận lỗi và mong muốn chia sẻ trách nhiệm tới người bị hại.</p>
<h3><strong>Arsenal quyết không bán trung vệ trụ cột</strong></h3>
<p>Từng là cái tên không thể thay thế tại Arsenal mùa giải trước, Gabriel Magalhaes giờ đây chỉ có tên trên băng ghế dự bị trong 2 trận đấu gặp Nottingham Forest và Crystal Palace mùa này. Trong bối cảnh tương lai của trung vệ người Brazil vẫn là dấu hỏi lớn, nhà báo Fabrizio Romano đưa tin Arsenal không cân nhắc bán anh ở kỳ chuyển nhượng hè.</p>
<figure class="wp-block-image size-full"><img decoding="async" class="wp-image-216358" src="https://vncdn.sabasports.com/2023/08/Tin-nong-bong-da-quoc-te-hom-nay-10.jpg" alt="Arsenal quyết không bán Gabriel trong bối cảnh thị trường chuyển nhượng còn chưa tới 10 ngày" /><figcaption class="wp-element-caption"><em>Arsenal quyết không bán Gabriel trong bối cảnh thị trường chuyển nhượng còn chưa tới 10 ngày</em></figcaption></figure>
<p>Những thông tin về việc Al Ittihad cân nhắc đem về cựu cầu thủ của Lille được báo chí Anh đăng tải trong vài ngày qua. Romano cho biết đội bóng thành London không đặt ra mức giá cho trung vệ người Brazil trước sự chèo kéo tới từ Ả Rập Xê Út. Gabriel sẽ ở lại đội chủ sân Emirates, ít nhất cho tới hết năm 2023.</p>
<h3><strong>Bóng đá Pháp tiếp tục xảy ra bạo loạn</strong></h3>
<p>Vấn nạn hooligan chưa có dấu hiệu dừng lại tại bóng đá Pháp. Trận đấu giữa Ajaccio và Bordeaux diễn ra vào rạng sáng nay đã phải tạm hoãn sau 13 phút bóng lăn. Trọng tài chỉ có thể cho 2 đội tiếp tục trận đấu 40 phút sau. Lý do là bởi một nhóm CĐV đội khách đã làm loạn trên khán đài, dù BTC Ligue 2 đã cấm người hâm mộ Bordeaux đến sân.</p>
<figure class="wp-block-image size-full"><img decoding="async" class="wp-image-216357" src="https://vncdn.sabasports.com/2023/08/Tin-nong-bong-da-quoc-te-hom-nay-1-9.jpg" alt="Nhóm CĐV 2 đội khiến trận đấu phải gián đoạn trong 40 phút" /><figcaption class="wp-element-caption"><em>Nhóm CĐV 2 đội khiến trận đấu phải gián đoạn trong 40 phút</em></figcaption></figure>
<p>Quyết định chỉ được đưa ra vào thứ 6 tuần trước và nhiều người hâm mộ không kịp hủy vé cho trận đấu diễn ra 3 ngày sau đó. Những hình ảnh ghi lại được cho thấy nhóm CĐV 2 đội đã ném thang và ghế về phía nhau. Mùa giải này, Bordeaux đã bị trừ 1 điểm sau khi 1 CĐV có hành vi tấn công cầu thủ Rodez ngay trên sân cuối mùa trước.</p>
<h3><strong>Đối thủ Messi dùng cách lạ để bán vé</strong></h3>
<p>Cơn sốt Messi tại Mỹ càng trở nên nóng hơn sau khi Inter Miami lên ngôi tại Leagues Cup. Mới đây, đội bóng New England Revolution đã tận dụng “trào lưu” này để chào mời bán vé mùa giải tới. Trong email gửi tới người hâm mộ, CLB này chia sẻ:</p>
<figure class="wp-block-image aligncenter size-full"><img decoding="async" class="wp-image-216356" src="https://vncdn.sabasports.com/2023/08/Tin-nong-bong-da-quoc-te-hom-nay-2-10.jpg" alt="Email quảng cáo bán vé của New England Revolution tạo ra cơn sốt trào lưu tại Mỹ" /><figcaption class="wp-element-caption"><em>Email quảng cáo bán vé của New England Revolution tạo ra cơn sốt trào lưu tại Mỹ</em></figcaption></figure>
<p>“Bạn có xem Messi lên ngôi tại Leagues Cup không? Anh ấy đã ghi 10 bàn trong 7 trận liên tiếp trong màu áo Inter Miami. Điều đó có nghĩa là Messi sẽ có 100% khả năng ghi bàn vào lưới chúng ta tại Gillette Stadium (sân nhà của New England Revolution). Hãy sở hữu cho mình những chỗ ngồi đẹp nhất ngày hôm nay trước khi chúng bị bán hết”.</p>
]]></content:encoded>
					
					<wfw:commentRss>httphttps://github.com/LuongThiXuanMai/blogtintuc.github.io.git/2023/08/22/tin-nong-bong-da-quoc-te-hom-nay-22-08-neville-chi-trich-cach-mu-xu-ly-chuyen-greenwood-arsenal-quyet-khong-ban-trung-ve-tru-cot/feed/</wfw:commentRss>
			<slash:comments>0</slash:comments>
		
		
			</item>
		<item>
		<title>Vì Maguire, MU không mua được Pavard</title>
		<link>httphttps://github.com/LuongThiXuanMai/blogtintuc.github.io.git/2023/08/22/vi-maguire-mu-khong-mua-duoc-pavard/</link>
					<comments>httphttps://github.com/LuongThiXuanMai/blogtintuc.github.io.git/2023/08/22/vi-maguire-mu-khong-mua-duoc-pavard/#respond</comments>
		
		<dc:creator><![CDATA[luongthixuanmai]]></dc:creator>
		<pubDate>Tue, 22 Aug 2023 15:24:48 +0000</pubDate>
				<category><![CDATA[Bóng đá]]></category>
		<guid isPermaLink="false">httphttps://github.com/LuongThiXuanMai/blogtintuc.github.io.git/?p=60</guid>

					<description><![CDATA[Do mắc kẹt với trung vệ người Anh nên Man Utd không thể xúc tiến việc làm mới hàng thủ. Man Utd muốn bán Maguire <a class="mh-excerpt-more" href="httphttps://github.com/LuongThiXuanMai/blogtintuc.github.io.git/2023/08/22/vi-maguire-mu-khong-mua-duoc-pavard/" title="Vì Maguire, MU không mua được Pavard">[...]</a>]]></description>
										<content:encoded><![CDATA[<h2><strong><em>Do mắc kẹt với trung vệ người Anh nên Man Utd không thể xúc tiến việc làm mới hàng thủ.</em></strong></h2>
<p><strong>Man Utd muốn bán Maguire</strong></p>
<div class="ads-insite show-pc banner-left"><a href="https://www.sabavn.com/ngoai-hang-anh-sabavn"><img decoding="async" loading="lazy" class="img-res" src="https://www.sabavn.com//uploads/banner/796910x150.jpg" alt="Banner left" width="910" height="150" /></a></div>
<p>Manchester United đang có kế hoạch cải tổ hàng thủ của mình trong kỳ chuyển nhượng mùa hè 2023. Theo nhiều nguồn tin, Quỷ đỏ đang muốn bán Harry Maguire, người đã không đáp ứng được kỳ vọng của HLV Erik ten Hag.</p>
<p>Những năm gần đây, anh không thể duy trì được phong độ cao và thường xuyên mắc sai lầm nghiêm trọng trong các trận đấu quan trọng. Theo thứ tự ưu tiên ở vị trí trung vệ, Maguire xếp sau Varane, Martinez, Lindelof, thậm chí cả Shaw.</p>
<figure class="wp-block-image size-full"><img decoding="async" class="wp-image-216369" src="https://vncdn.sabasports.com/2023/08/Maguire-Pavard-1.jpg" alt="Maguire trở thành người thừa của MU" /><figcaption class="wp-element-caption"><em>Maguire trở thành người thừa của MU</em></figcaption></figure>
<p>Theo các nguồn tin từ Anh, Man Utd đã đưa cầu thủ này vào diện thanh lý. West Ham United là đội bóng quan tâm nhất đến Maguire và đã đưa ra lời đề nghị 30 triệu bảng. Tuy nhiên, bản thân cầu thủ này lại từ chối ra đi vì muốn nhận được số tiền đền bù từ khoản chênh lệch lương nếu chuyển sang đội bóng mới. Tới nay, vẫn chưa có đối tác nào hỏi thăm Man Utd về thương vụ này.</p>
<p><strong>Thương vụ Pavard đổ bể</strong></p>
<p>Man United đã nhắm Benjamin Pavard làm mục tiêu hàng đầu để bổ sung cho hàng phòng ngự. Đây là một trong những trung vệ xuất sắc nhất châu Âu hiện nay và đã giành được nhiều danh hiệu cùng Bayern Munich và tuyển Pháp. Anh có khả năng chơi ở nhiều vị trí khác nhau trên hàng thủ và sở hữu kỹ thuật tốt cùng khả năng phát động tấn công.</p>
<figure class="wp-block-image size-full"><img decoding="async" class="wp-image-216370" src="https://vncdn.sabasports.com/2023/08/Maguire-Pavard-2.jpg" alt="Pavard là hậu vệ cực kỳ đa năng" /><figcaption class="wp-element-caption"><em>Pavard là hậu vệ cực kỳ đa năng</em></figcaption></figure>
<p>Tuy nhiên, MU đã chi 170 triệu bảng vào hè này và không thể mua thêm cầu thủ, trừ khi bán được người do quy định từ luật công bằng tài chính. Ngoài Maguire, Quỷ Đỏ vẫn còn nhiều gương mặt chưa thể thanh lý như Dean Henderson, Donny van de Beek, Eric Bailly và Brandon Williams.</p>
<p>Chính vì thế, đội bóng đã thất bại trong thương vụ mua Pavard. Mới đây, Bayern vừa bán anh cho Inter với giá 30 triệu kèm theo 2-3 triệu phụ phí.</p>
]]></content:encoded>
					
					<wfw:commentRss>httphttps://github.com/LuongThiXuanMai/blogtintuc.github.io.git/2023/08/22/vi-maguire-mu-khong-mua-duoc-pavard/feed/</wfw:commentRss>
			<slash:comments>0</slash:comments>
		
		
			</item>
		<item>
		<title>Ngoại hạng Anh 2023/24 và những đội bóng toàn thắng tính đến hiện tại</title>
		<link>httphttps://github.com/LuongThiXuanMai/blogtintuc.github.io.git/2023/08/22/ngoai-hang-anh-2023-24-va-nhung-doi-bong-toan-thang-tinh-den-hien-tai/</link>
					<comments>httphttps://github.com/LuongThiXuanMai/blogtintuc.github.io.git/2023/08/22/ngoai-hang-anh-2023-24-va-nhung-doi-bong-toan-thang-tinh-den-hien-tai/#respond</comments>
		
		<dc:creator><![CDATA[luongthixuanmai]]></dc:creator>
		<pubDate>Tue, 22 Aug 2023 15:23:55 +0000</pubDate>
				<category><![CDATA[Bóng đá]]></category>
		<guid isPermaLink="false">httphttps://github.com/LuongThiXuanMai/blogtintuc.github.io.git/?p=57</guid>

					<description><![CDATA[Premier League mùa giải mới đã đi qua 2 vòng đấu và có 3 đội bóng sở hữu thành tích toàn thắng.  Vào rạng sáng <a class="mh-excerpt-more" href="httphttps://github.com/LuongThiXuanMai/blogtintuc.github.io.git/2023/08/22/ngoai-hang-anh-2023-24-va-nhung-doi-bong-toan-thang-tinh-den-hien-tai/" title="Ngoại hạng Anh 2023/24 và những đội bóng toàn thắng tính đến hiện tại">[...]</a>]]></description>
										<content:encoded><![CDATA[<h2><strong><em>Premier League mùa giải mới đã đi qua 2 vòng đấu và có 3 đội bóng sở hữu thành tích toàn thắng. </em></strong></h2>
<p>Vào rạng sáng nay, Arsenal đã giành thắng lợi tối thiểu khi làm khách trên sân Selhurst Park của Crystal Palace. Martin Odegaard là người đã ghi bàn thắng duy nhất của trận đấu trên chấm 11 mét. Như vậy, Pháo thủ đã toàn thắng sau 2 vòng đấu đã qua. Trước đó, họ đã giành thắng lợi với tỷ số 2-1 trước Nottingham Forest ở trận ra quân của mình.</p>
<div class="ads-insite show-pc banner-left"><a href="https://www.sabavn.com/ngoai-hang-anh-sabavn"><img decoding="async" loading="lazy" class="img-res" src="https://www.sabavn.com//uploads/banner/796910x150.jpg" alt="Banner left" width="910" height="150" /></a></div>
<figure class="wp-block-image size-full"><img decoding="async" class="wp-image-216367" src="https://vncdn.sabasports.com/2023/08/ngoai-hang-anh-1-4.jpg" alt="Odegaard và đồng đội vừa hạ Palace" /><figcaption class="wp-element-caption"><em>Odegaard và đồng đội vừa hạ Palace</em></figcaption></figure>
<p>Bên cạnh đội bóng của Mikel Arteta, có 2 cái tên khác cũng đang sở hữu thành tích toàn thắng tính đến thời điểm hiện tại. Đó là Man City và Brighton. Ở trận đấu đầu tiên của Ngoại hạng Anh 2023/24, The Citizens đã đánh bại Burnley 3-0 với Erling Haaland có cho mình một cú đúp. Và vào cuối tuần qua, đội bóng của Pep Guardiola đã giành thắng lợi tối thiểu trước Newcastle với pha lập công duy nhất của Julian Alvarez.</p>
<p>Còn với Brighton, The Seagulls đã giành thắng lợi với cùng tỷ số 4-1 ở 2 trận đấu đã qua của mình. Đội bóng của Roberto De Zerbi đã lần lượt đánh bại Luton Town và Wolves. Brighton hiện đang dẫn đầu trên BXH với Man City và Arsenal theo sau. Cùng với 3 cái tên kể trên, 4 đội bóng khác vẫn chưa thua tại Ngoại hạng Anh 2023/24 là Brentford, Liverpool, Tottenham và West Ham. 4 điểm là thành tích của những CLB này.</p>
<h3><strong>Lịch thi đấu vòng 3</strong></h3>
<p>Cuối tuần này, Ngoại hạng Anh 2023/24 sẽ tiếp tục sôi động với các trận đấu ở vòng 3. Trận đấu sớm nhất sẽ là màn tiếp đón Luton Town của Chelsea tại Stamford Bridge. Ở vòng 2, The Blues đã gây thất vọng khi để thua West Ham 1-3. Trong khi đó, trận đấu giữa Luton Town và Burnley đã được hoãn lại.</p>
<p>02h00 ngày 26/08: Chelsea vs Luton Town</p>
<p>18h30 ngày 26/08: Bournemouth vs Tottenham</p>
<p>21h00 ngày 26/08: Brentford vs Crystal Palace</p>
<p>21h00 ngày 26/08: Arsenal vs Fulham</p>
<p>21h00 ngày 26/08: Man United vs Nottingham Forest</p>
<p>21h00 ngày 26/08: Everton vs Wolves</p>
<p>23h30 ngày 26/08: Brighton vs West Ham</p>
<p>20h00 ngày 27/08: Sheffield United vs Man City</p>
<p>20h00 ngày 27/08: Burnley vs Aston Villa</p>
<p>22h30 ngày 27/08: Newcastle vs Liverpool</p>
<p><strong><em>Xem thêm:</em></strong></p>
<ul>
<li><a href="https://www.sabavn.com/sao-tre-arsenal-can-moc-an-tuong-trong-chien-thang-truoc-crystal-palace-216318.html">Sao trẻ Arsenal cán mốc ấn tượng trong chiến thắng trước Crystal Palace</a></li>
<li><a href="https://www.sabavn.com/vua-pha-luoi-ngoai-hang-anh-2023-24-haaland-song-hanh-sao-liverpool-215983.html">Vua phá lưới Ngoại hạng Anh 2023/24: Haaland song hành sao Liverpool</a></li>
<li><a href="https://www.sabavn.com/nong-bo-paqueta-man-city-sap-thu-nap-dong-huong-de-bruyne-216055.html">NÓNG! Bỏ Paqueta, Man City sắp thu nạp đồng hương De Bruyne</a></li>
</ul>
]]></content:encoded>
					
					<wfw:commentRss>httphttps://github.com/LuongThiXuanMai/blogtintuc.github.io.git/2023/08/22/ngoai-hang-anh-2023-24-va-nhung-doi-bong-toan-thang-tinh-den-hien-tai/feed/</wfw:commentRss>
			<slash:comments>0</slash:comments>
		
		
			</item>
		<item>
		<title>Quế Ngọc Hải sẽ không gia nhập CLB Công an Hà Nội</title>
		<link>httphttps://github.com/LuongThiXuanMai/blogtintuc.github.io.git/2023/08/22/que-ngoc-hai-se-khong-gia-nhap-clb-cong-an-ha-noi/</link>
					<comments>httphttps://github.com/LuongThiXuanMai/blogtintuc.github.io.git/2023/08/22/que-ngoc-hai-se-khong-gia-nhap-clb-cong-an-ha-noi/#respond</comments>
		
		<dc:creator><![CDATA[luongthixuanmai]]></dc:creator>
		<pubDate>Tue, 22 Aug 2023 15:22:51 +0000</pubDate>
				<category><![CDATA[Bóng đá]]></category>
		<guid isPermaLink="false">httphttps://github.com/LuongThiXuanMai/blogtintuc.github.io.git/?p=54</guid>

					<description><![CDATA[Quế Ngọc Hải nhiều khả năng sẽ gia nhập Bình Dương hoặc Hà Tĩnh mà không phải CLB Công an Hà Nội như nhiều đồn <a class="mh-excerpt-more" href="httphttps://github.com/LuongThiXuanMai/blogtintuc.github.io.git/2023/08/22/que-ngoc-hai-se-khong-gia-nhap-clb-cong-an-ha-noi/" title="Quế Ngọc Hải sẽ không gia nhập CLB Công an Hà Nội">[...]</a>]]></description>
										<content:encoded><![CDATA[<h2><strong><em>Quế Ngọc Hải nhiều khả năng sẽ gia nhập Bình Dương hoặc Hà Tĩnh mà không phải CLB Công an Hà Nội như nhiều đồn đoán trước đó.</em></strong></h2>
<p>Sau khi Quế Ngọc Hải quyết định chia tay SLNA sau mùa giải 2022/23. Nhiều thông tin cho rằng anh sẽ chuyển đến đầu quân cho CLB Công an Hà Nội. Tuy nhiên theo tìm hiểu, các nguồn tin trong nước cho rằng đó không phải là bến đỗ mà trung vệ 30 tuổi lựa chọn. Trước đó ở kỳ chuyển nhượng đầu và giữa mùa giải 2023, đội bóng ngành công an đã từng 2 lần cố gắng chiêu mộ anh.</p>
<div class="ads-insite show-pc banner-left"><a href="https://www.sabavn.com/ngoai-hang-anh-sabavn"><img decoding="async" loading="lazy" class="img-res" src="https://www.sabavn.com//uploads/banner/796910x150.jpg" alt="Banner left" width="910" height="150" /></a></div>
<p>Cũng theo nguồn tin trên, Quế Ngọc Hải nhiều khả năng sẽ cập bến CLB Bình Dương hoặc CLB Hồng Lĩnh Hà Tĩnh. Đội bóng miền nam đang thực hiện cải tổ sau một mùa giải suýt chút nữa thì xuống hạng. Họ cần bổ sung chất lượng cho khu vực phòng ngự trước khung thành.</p>
<p>Trong khi đó, Hà Tĩnh cũng đặt mục tiêu cao hơn sau mùa giải 2023 tạm ổn. HLV Nguyễn Thành Công cần một trung vệ chất lượng để chơi bên cạnh Janclesio. Thậm chí còn có tin tức cho rằng trung vệ của đội bóng núi Hồng từng suýt gia nhập SLNA để chơi cùng ‘Hải Quế’.</p>
<figure class="wp-block-image size-full"><img decoding="async" class="wp-image-216375" src="https://vncdn.sabasports.com/2023/08/que-ngoc-hai-khong-den-clb-cahn-1.jpg" alt="Quế Ngọc Hải có thể đến Bình Dương hoặc Hà Tĩnh (Ảnh: SLNA)" /><figcaption class="wp-element-caption"><em>Quế Ngọc Hải có thể đến Bình Dương hoặc Hà Tĩnh (Ảnh: SLNA)</em></figcaption></figure>
<p>Quế Ngọc Hải là một trong những trung vệ xuất sắc nhất V-League và bóng đá Việt Nam. Dù không còn ở đỉnh cao như những năm trước nhưng kinh nghiệm và đẳng cấp của anh vẫn luôn ích cho bất cứ đội bóng nào.</p>
<p>Hiện tại vẫn chưa rõ cựu đội trưởng của SLNA sẽ chọn bến đỗ nào. Nhưng người ta truyền tai nhau rằng, có 1 đội bóng sẵn sàng trả anh mức lương 50 triệu/tháng kèm theo lót tay hơn 3 tỷ đồng 2 năm giao kèo.</p>
<p>Song song với sự ra đi của Quế Ngọc Hải, SLNA sẽ phải dựa vào các cầu thủ trẻ để bù đắp vào thiếu hụt trong đội hình. Đội bóng này cũng có nguy cơ mất thêm Đình Hoàng và Xuân Mạnh do khó khăn tài chính.</p>
]]></content:encoded>
					
					<wfw:commentRss>httphttps://github.com/LuongThiXuanMai/blogtintuc.github.io.git/2023/08/22/que-ngoc-hai-se-khong-gia-nhap-clb-cong-an-ha-noi/feed/</wfw:commentRss>
			<slash:comments>0</slash:comments>
		
		
			</item>
	</channel>
</rss>
