<?xml version="1.0" encoding="UTF-8"?><rss version="2.0"
	xmlns:content="http://purl.org/rss/1.0/modules/content/"
	xmlns:wfw="http://wellformedweb.org/CommentAPI/"
	xmlns:dc="http://purl.org/dc/elements/1.1/"
	xmlns:atom="http://www.w3.org/2005/Atom"
	xmlns:sy="http://purl.org/rss/1.0/modules/syndication/"
	xmlns:slash="http://purl.org/rss/1.0/modules/slash/"
	>

<channel>
	<title>Chưa phân loại &#8211; Luong Mai blog</title>
	<atom:link href="httphttps://github.com/LuongThiXuanMai/blogtintuc.github.io.git/category/khong-phan-loai/feed/" rel="self" type="application/rss+xml" />
	<link>httphttps://github.com/LuongThiXuanMai/blogtintuc.github.io.git</link>
	<description>Một trang web mới sử dụng WordPress</description>
	<lastBuildDate>Tue, 22 Aug 2023 11:41:14 +0000</lastBuildDate>
	<language>vi</language>
	<sy:updatePeriod>
	hourly	</sy:updatePeriod>
	<sy:updateFrequency>
	1	</sy:updateFrequency>
	<generator>https://wordpress.org/?v=6.3.1</generator>
	<item>
		<title>Chào tất cả mọi người!</title>
		<link>httphttps://github.com/LuongThiXuanMai/blogtintuc.github.io.git/2023/08/22/chao-moi-nguoi/</link>
					<comments>httphttps://github.com/LuongThiXuanMai/blogtintuc.github.io.git/2023/08/22/chao-moi-nguoi/#comments</comments>
		
		<dc:creator><![CDATA[luongthixuanmai]]></dc:creator>
		<pubDate>Tue, 22 Aug 2023 11:41:14 +0000</pubDate>
				<category><![CDATA[Chưa phân loại]]></category>
		<guid isPermaLink="false">httphttps://github.com/LuongThiXuanMai/blogtintuc.github.io.git/?p=1</guid>

					<description><![CDATA[Cảm ơn vì đã sử dụng WordPress. Đây là bài viết đầu tiên của bạn. Sửa hoặc xóa nó, và bắt đầu bài viết của <a class="mh-excerpt-more" href="httphttps://github.com/LuongThiXuanMai/blogtintuc.github.io.git/2023/08/22/chao-moi-nguoi/" title="Chào tất cả mọi người!">[...]</a>]]></description>
										<content:encoded><![CDATA[
<p>Cảm ơn vì đã sử dụng WordPress. Đây là bài viết đầu tiên của bạn. Sửa hoặc xóa nó, và bắt đầu bài viết của bạn nhé!</p>
]]></content:encoded>
					
					<wfw:commentRss>httphttps://github.com/LuongThiXuanMai/blogtintuc.github.io.git/2023/08/22/chao-moi-nguoi/feed/</wfw:commentRss>
			<slash:comments>1</slash:comments>
		
		
			</item>
	</channel>
</rss>
