<?xml version="1.0" encoding="UTF-8"?><rss version="2.0"
	xmlns:content="http://purl.org/rss/1.0/modules/content/"
	xmlns:dc="http://purl.org/dc/elements/1.1/"
	xmlns:atom="http://www.w3.org/2005/Atom"
	xmlns:sy="http://purl.org/rss/1.0/modules/syndication/"
	
	>
<channel>
	<title>
	Bình luận cho Luong Mai blog	</title>
	<atom:link href="httphttps://github.com/LuongThiXuanMai/blogtintuc.github.io.git/comments/feed/" rel="self" type="application/rss+xml" />
	<link>httphttps://github.com/LuongThiXuanMai/blogtintuc.github.io.git</link>
	<description>Một trang web mới sử dụng WordPress</description>
	<lastBuildDate>Wed, 23 Aug 2023 03:25:27 +0000</lastBuildDate>
	<sy:updatePeriod>
	hourly	</sy:updatePeriod>
	<sy:updateFrequency>
	1	</sy:updateFrequency>
	<generator>https://wordpress.org/?v=6.3.1</generator>
	<item>
		<title>
		Phản hồi cho Floyd Mayweather nghi Naoya Inoue không trong sạch, gợi ý kèo Gervonta Davis bởi luongthixuanmai		</title>
		<link>httphttps://github.com/LuongThiXuanMai/blogtintuc.github.io.git/2023/08/23/floyd-mayweather-nghi-naoya-inoue-khong-trong-sach-goi-y-keo-gervonta-davis/#comment-2</link>

		<dc:creator><![CDATA[luongthixuanmai]]></dc:creator>
		<pubDate>Wed, 23 Aug 2023 03:25:27 +0000</pubDate>
		<guid isPermaLink="false">httphttps://github.com/LuongThiXuanMai/blogtintuc.github.io.git/?p=177#comment-2</guid>

					<description><![CDATA[grbg]]></description>
			<content:encoded><![CDATA[<p>grbg</p>
]]></content:encoded>
		
			</item>
		<item>
		<title>
		Phản hồi cho Chào tất cả mọi người! bởi Một người bình luận WordPress		</title>
		<link>httphttps://github.com/LuongThiXuanMai/blogtintuc.github.io.git/2023/08/22/chao-moi-nguoi/#comment-1</link>

		<dc:creator><![CDATA[Một người bình luận WordPress]]></dc:creator>
		<pubDate>Tue, 22 Aug 2023 11:41:14 +0000</pubDate>
		<guid isPermaLink="false">httphttps://github.com/LuongThiXuanMai/blogtintuc.github.io.git/?p=1#comment-1</guid>

					<description><![CDATA[Hi, this is a comment.
To get started with moderating, editing, and deleting comments, please visit the Comments screen in the dashboard.
Commenter avatars come from &lt;a href=&quot;https://en.gravatar.com/&quot;&gt;Gravatar&lt;/a&gt;.]]></description>
			<content:encoded><![CDATA[<p>Hi, this is a comment.<br />
To get started with moderating, editing, and deleting comments, please visit the Comments screen in the dashboard.<br />
Commenter avatars come from <a href="https://en.gravatar.com/">Gravatar</a>.</p>
]]></content:encoded>
		
			</item>
	</channel>
</rss>
